Genome,AAA,AAC,AAG,AAT,ACA,ACC,ACG,ACT,AGA,AGC,AGG,AGT,ATA,ATC,ATG,ATT,CAA,CAC,CAG,CAT,CCA,CCC,CCG,CCT,CGA,CGC,CGG,CGT,CTA,CTC,CTG,CTT,GAA,GAC,GAG,GAT,GCA,GCC,GCG,GCT,GGA,GGC,GGG,GGT,GTA,GTC,GTG,GTT,TAA,TAC,TAG,TAT,TCA,TCC,TCG,TCT,TGA,TGC,TGG,TGT,TTA,TTC,TTG,TTT
NC_017656,1.0,1.0,0.3630434782608696,0.1350210970464135,0.125,1.0,0.15104166666666666,0.953125,0.012048192771084338,0.5140845070422535,0.012048192771084338,0.08450704225352113,0.005698005698005698,1.0,1.0,0.33618233618233617,0.2679425837320574,1.0,1.0,0.44642857142857145,0.18571428571428572,0.02857142857142857,1.0,0.20476190476190476,0.016867469879518072,0.44819277108433736,0.012048192771084338,1.0,0.021691973969631236,0.07592190889370933,1.0,0.06073752711496746,1.0,1.0,0.31002331002331,0.5450980392156862,0.6,0.2,0.48450704225352115,1.0,0.01990049751243781,0.582089552238806,0.03482587064676617,1.0,0.5338753387533876,0.14634146341463414,0.25745257452574527,1.0,1.0,1.0,0.011904761904761904,0.36,0.11267605633802817,0.5915492957746479,0.04225352112676056,1.0,0.011904761904761904,1.0,1.0,0.5769230769230769,0.03036876355748373,1.0,0.049891540130151846,0.3125
NC_020518,1.0,1.0,0.36525612472160357,0.13973799126637554,0.09574468085106383,1.0,0.11170212765957446,0.9680851063829787,0.007317073170731708,0.4927536231884058,0.0012195121951219512,0.09420289855072464,0.002881844380403458,1.0,1.0,0.3112391930835735,0.235,1.0,1.0,0.4036697247706422,0.16908212560386474,0.014492753623188406,1.0,0.1932367149758454,0.0012195121951219512,0.4292682926829268,0.007317073170731708,1.0,0.0022522522522522522,0.05855855855855856,1.0,0.05855855855855856,1.0,1.0,0.3046683046683047,0.5,0.5959885386819485,0.18624641833810887,0.4699140401146132,1.0,0.010075566750629723,0.5768261964735516,0.027707808564231738,1.0,0.5426997245179064,0.12947658402203857,0.24242424242424243,1.0,1.0,1.0,0.0125,0.3,0.07246376811594203,0.5869565217391305,0.028985507246376812,1.0,0.025,1.0,1.0,0.52,0.02252252252252252,1.0,0.04504504504504504,0.25806451612903225
NC_007606,1.0,1.0,0.3652173913043478,0.13559322033898305,0.13402061855670103,1.0,0.14432989690721648,0.9329896907216495,0.011876484560570071,0.5069444444444444,0.009501187648456057,0.0763888888888889,0.005681818181818182,1.0,1.0,0.33238636363636365,0.2926829268292683,1.0,1.0,0.42105263157894735,0.19230769230769232,0.028846153846153848,1.0,0.21153846153846154,0.019002375296912115,0.4251781472684085,0.011876484560570071,1.0,0.024282560706401765,0.07505518763796909,1.0,0.0640176600441501,1.0,1.0,0.31002331002331,0.5612648221343873,0.5949008498583569,0.20396600566572237,0.5014164305949008,1.0,0.019801980198019802,0.5792079207920792,0.03217821782178218,1.0,0.5367847411444142,0.14986376021798364,0.2561307901907357,1.0,1.0,1.0,0.024390243902439025,0.39344262295081966,0.1111111111111111,0.5763888888888888,0.041666666666666664,1.0,0.012195121951219513,1.0,1.0,0.5769230769230769,0.033112582781456956,1.0,0.06622516556291391,0.3157894736842105
NC_011742,1.0,1.0,0.36,0.13537117903930132,0.0913978494623656,1.0,0.12365591397849462,0.9838709677419355,0.007317073170731708,0.49635036496350365,0.0012195121951219512,0.072992700729927,0.002881844380403458,1.0,1.0,0.30835734870317005,0.23115577889447236,1.0,1.0,0.4205607476635514,0.18719211822660098,0.009852216748768473,1.0,0.2019704433497537,0.0012195121951219512,0.4292682926829268,0.004878048780487805,1.0,0.0022471910112359553,0.058426966292134834,1.0,0.05393258426966292,1.0,1.0,0.3078817733990148,0.5060240963855421,0.603448275862069,0.1752873563218391,0.47126436781609193,1.0,0.012376237623762377,0.5420792079207921,0.027227722772277228,1.0,0.5384615384615384,0.12637362637362637,0.24725274725274726,1.0,1.0,1.0,0.012195121951219513,0.3025210084033613,0.072992700729927,0.583941605839416,0.029197080291970802,1.0,0.012195121951219513,1.0,1.0,0.52,0.017977528089887642,1.0,0.04269662921348315,0.25268817204301075
NC_013364,1.0,1.0,0.36585365853658536,0.1341991341991342,0.11578947368421053,1.0,0.12631578947368421,0.9578947368421052,0.009708737864077669,0.5,0.007281553398058253,0.07857142857142857,0.0028735632183908046,1.0,1.0,0.32471264367816094,0.2537313432835821,1.0,1.0,0.41818181818181815,0.1796116504854369,0.009708737864077669,1.0,0.19902912621359223,0.007281553398058253,0.4344660194174757,0.009708737864077669,1.0,0.011185682326621925,0.06263982102908278,1.0,0.058165548098434,1.0,1.0,0.3099273607748184,0.508,0.6045845272206304,0.18911174785100288,0.47277936962750716,1.0,0.00997506234413965,0.57356608478803,0.029925187032418952,1.0,0.5382513661202186,0.13934426229508196,0.2459016393442623,1.0,1.0,1.0,0.011904761904761904,0.3333333333333333,0.09285714285714286,0.5642857142857143,0.03571428571428571,1.0,0.011904761904761904,1.0,1.0,0.52,0.024608501118568233,1.0,0.042505592841163314,0.28342245989304815
NC_012947,1.0,1.0,0.36302895322939865,0.13537117903930132,0.09042553191489362,1.0,0.11702127659574468,0.9680851063829787,0.007317073170731708,0.4927536231884058,0.0012195121951219512,0.07246376811594203,0.002890173410404624,1.0,1.0,0.31213872832369943,0.23737373737373738,1.0,1.0,0.4074074074074074,0.17475728155339806,0.009708737864077669,1.0,0.1941747572815534,0.0012195121951219512,0.4292682926829268,0.004878048780487805,1.0,0.0022522522522522522,0.05855855855855856,1.0,0.05630630630630631,1.0,1.0,0.3094059405940594,0.5100401606425703,0.6173913043478261,0.1855072463768116,0.46956521739130436,1.0,0.010025062656641603,0.5639097744360902,0.02756892230576441,1.0,0.5327868852459017,0.1284153005464481,0.24043715846994534,1.0,1.0,1.0,0.012195121951219513,0.3247863247863248,0.07246376811594203,0.572463768115942,0.028985507246376812,1.0,0.012195121951219513,1.0,1.0,0.52,0.018018018018018018,1.0,0.04279279279279279,0.25268817204301075
NC_022364,1.0,1.0,0.36225596529284165,0.14468085106382977,0.12953367875647667,1.0,0.14507772020725387,0.9430051813471503,0.014423076923076924,0.5103448275862069,0.007211538461538462,0.07586206896551724,0.005698005698005698,1.0,1.0,0.33618233618233617,0.28019323671497587,1.0,1.0,0.4336283185840708,0.18571428571428572,0.02857142857142857,1.0,0.20476190476190476,0.016826923076923076,0.44711538461538464,0.01201923076923077,1.0,0.026143790849673203,0.07407407407407407,1.0,0.06318082788671024,1.0,1.0,0.31542056074766356,0.547244094488189,0.6182336182336182,0.20797720797720798,0.48717948717948717,1.0,0.019801980198019802,0.5767326732673267,0.03217821782178218,1.0,0.5378378378378378,0.14054054054054055,0.25135135135135134,1.0,1.0,1.0,0.011904761904761904,0.4049586776859504,0.1103448275862069,0.5586206896551724,0.041379310344827586,1.0,0.011904761904761904,1.0,1.0,0.5769230769230769,0.030501089324618737,1.0,0.04793028322440087,0.30569948186528495
NC_009801,1.0,1.0,0.36225596529284165,0.13924050632911392,0.12886597938144329,1.0,0.13917525773195877,0.9381443298969072,0.012048192771084338,0.5103448275862069,0.00963855421686747,0.07586206896551724,0.005714285714285714,1.0,1.0,0.34,0.27403846153846156,1.0,1.0,0.44642857142857145,0.19138755980861244,0.028708133971291867,1.0,0.20574162679425836,0.016867469879518072,0.4506024096385542,0.012048192771084338,1.0,0.028446389496717725,0.07439824945295405,1.0,0.06345733041575492,1.0,1.0,0.3185011709601874,0.5555555555555556,0.6175637393767706,0.20396600566572237,0.47592067988668557,1.0,0.019851116625310174,0.5806451612903226,0.03225806451612903,1.0,0.5309973045822103,0.14285714285714285,0.25336927223719674,1.0,1.0,1.0,0.011904761904761904,0.3821138211382114,0.1103448275862069,0.5586206896551724,0.041379310344827586,1.0,0.011904761904761904,1.0,1.0,0.5769230769230769,0.030634573304157548,1.0,0.05032822757111598,0.30569948186528495
NC_017641,1.0,1.0,0.36465324384787473,0.13100436681222707,0.10215053763440861,1.0,0.11290322580645161,0.9731182795698925,0.009828009828009828,0.48201438848920863,0.0012285012285012285,0.07194244604316546,0.0029069767441860465,1.0,1.0,0.313953488372093,0.23737373737373738,1.0,1.0,0.4230769230769231,0.17073170731707318,0.024390243902439025,1.0,0.1951219512195122,0.002457002457002457,0.43734643734643736,0.004914004914004914,1.0,0.006787330316742082,0.058823529411764705,1.0,0.05656108597285068,1.0,1.0,0.3054187192118227,0.5121951219512195,0.6011560693641619,0.18208092485549132,0.4653179190751445,1.0,0.010075566750629723,0.5591939546599496,0.027707808564231738,1.0,0.5418994413407822,0.13128491620111732,0.24581005586592178,1.0,1.0,1.0,0.012195121951219513,0.3076923076923077,0.07913669064748201,0.5611510791366906,0.02877697841726619,1.0,0.024390243902439025,1.0,1.0,0.5833333333333334,0.020361990950226245,1.0,0.04524886877828054,0.25405405405405407
NC_008258,1.0,1.0,0.37089201877934275,0.14215686274509803,0.10795454545454546,0.9375,0.09090909090909091,1.0,0.007792207792207792,0.5,0.0012987012987012987,0.10317460317460317,0.00625,1.0,1.0,0.303125,0.21739130434782608,1.0,1.0,0.4329896907216495,0.18085106382978725,0.015957446808510637,1.0,0.19148936170212766,0.0012987012987012987,0.4155844155844156,0.007792207792207792,1.0,0.007518796992481203,0.045112781954887216,1.0,0.06015037593984962,1.0,1.0,0.30831099195710454,0.48623853211009177,0.6041055718475073,0.17008797653958943,0.41642228739002934,1.0,0.013736263736263736,0.5796703296703297,0.027472527472527472,1.0,0.5373134328358209,0.1373134328358209,0.23283582089552238,1.0,1.0,1.0,0.01282051282051282,0.3063063063063063,0.07142857142857142,0.5714285714285714,0.023809523809523808,1.0,0.02564102564102564,1.0,1.0,0.6190476190476191,0.022556390977443608,1.0,0.05012531328320802,0.2787878787878788
