OG_name,OG size (number of genomes)
OG_0,6
OG_1,10
OG_2,10
OG_3,5
OG_4,10
OG_5,10
OG_6,10
OG_7,10
OG_8,10
OG_9,9
OG_10,10
OG_11,10
OG_12,8
OG_13,10
OG_14,4
OG_15,6
OG_16,5
OG_17,5
OG_18,5
OG_19,5
OG_20,6
OG_21,6
OG_22,6
OG_23,6
OG_24,6
OG_25,6
OG_26,7
OG_27,5
OG_28,4
OG_29,5
OG_30,5
OG_31,4
OG_32,4
OG_33,4
OG_34,6
OG_35,3
OG_36,4
OG_37,5
OG_38,4
OG_39,5
OG_40,10
OG_41,10
OG_42,10
OG_43,8
OG_44,9
OG_45,10
OG_46,10
OG_47,10
OG_48,10
OG_49,9
OG_50,10
OG_51,10
OG_52,10
OG_53,10
OG_54,10
OG_55,9
OG_56,10
OG_57,10
OG_58,10
OG_59,10
OG_60,10
OG_61,10
OG_62,9
OG_63,9
OG_64,9
OG_65,9
OG_66,9
OG_67,10
OG_68,10
OG_69,10
OG_70,10
OG_71,10
OG_72,10
OG_73,10
OG_74,10
OG_75,10
OG_76,10
OG_77,10
OG_78,10
OG_79,10
OG_80,10
OG_81,10
OG_82,10
OG_83,10
OG_84,10
OG_85,9
OG_86,10
OG_87,10
OG_88,10
OG_89,10
OG_90,10
OG_91,10
OG_92,10
OG_93,10
OG_94,10
OG_95,10
OG_96,10
OG_97,10
OG_98,10
OG_99,10
OG_100,9
OG_101,10
OG_102,10
OG_103,10
OG_104,10
OG_105,10
OG_106,10
OG_107,10
OG_108,10
OG_109,10
OG_110,10
OG_111,10
OG_112,10
OG_113,10
OG_114,10
OG_115,10
OG_116,10
OG_117,7
OG_118,5
OG_119,6
OG_120,4
OG_121,3
OG_122,4
OG_123,10
OG_124,9
OG_125,10
OG_126,10
OG_127,10
OG_128,10
OG_129,10
OG_130,10
OG_131,10
OG_132,10
OG_133,10
OG_134,10
OG_135,10
OG_136,10
OG_137,10
OG_138,10
OG_139,10
OG_140,10
OG_141,10
OG_142,10
OG_143,10
OG_144,10
OG_145,10
OG_146,10
OG_147,10
OG_148,9
OG_149,10
OG_150,10
OG_151,7
OG_152,10
OG_153,10
OG_154,10
OG_155,10
OG_156,10
OG_157,10
OG_158,10
OG_159,10
OG_160,10
OG_161,8
OG_162,9
OG_163,7
OG_164,8
OG_165,8
OG_166,9
OG_167,8
OG_168,10
OG_169,10
OG_170,10
OG_171,10
OG_172,10
OG_173,10
OG_174,8
OG_175,8
OG_176,9
OG_177,9
OG_178,9
OG_179,8
OG_180,8
OG_181,8
OG_182,9
OG_183,9
OG_184,9
OG_185,9
OG_186,10
OG_187,10
OG_188,10
OG_189,10
OG_190,9
OG_191,9
OG_192,6
OG_193,8
OG_194,8
OG_195,9
OG_196,9
OG_197,7
OG_198,9
OG_199,9
OG_200,9
OG_201,6
OG_202,6
OG_203,6
OG_204,6
OG_205,9
OG_206,9
OG_207,9
OG_208,9
OG_209,8
OG_210,9
OG_211,4
OG_212,4
OG_213,5
OG_214,3
OG_215,9
OG_216,9
OG_217,9
OG_218,9
OG_219,9
OG_220,9
OG_221,9
OG_222,6
OG_223,7
OG_224,8
OG_225,7
OG_226,8
OG_227,7
OG_228,8
OG_229,3
OG_230,3
OG_231,4
OG_232,5
OG_233,7
OG_234,7
OG_235,6
OG_236,9
OG_237,8
OG_238,7
OG_239,9
OG_240,9
OG_241,8
OG_242,8
OG_243,9
OG_244,9
OG_245,8
OG_246,7
OG_247,8
OG_248,8
OG_249,5
OG_250,5
OG_251,6
OG_252,8
OG_253,7
OG_254,9
OG_255,6
OG_256,7
OG_257,7
OG_258,7
OG_259,7
OG_260,7
OG_261,7
OG_262,7
OG_263,7
OG_264,7
OG_265,8
OG_266,7
OG_267,3
OG_268,4
OG_269,6
OG_270,9
OG_271,5
OG_272,5
OG_273,7
OG_274,7
OG_275,7
OG_276,8
OG_277,8
OG_278,7
OG_279,8
OG_280,9
OG_281,9
OG_282,3
OG_283,4
OG_284,4
OG_285,6
OG_286,6
OG_287,6
OG_288,9
OG_289,8
OG_290,9
OG_291,6
OG_292,6
OG_293,8
OG_294,4
OG_295,3
OG_296,6
OG_297,5
OG_298,5
OG_299,6
OG_300,6
OG_301,4
OG_302,4
OG_303,4
OG_304,4
OG_305,4
OG_306,4
OG_307,9
OG_308,5
OG_309,5
OG_310,7
OG_311,7
OG_312,6
OG_313,7
OG_314,6
OG_315,8
OG_316,6
OG_317,8
OG_318,9
OG_319,6
OG_320,8
OG_321,9
OG_322,9
OG_323,3
OG_324,3
OG_325,4
OG_326,10
OG_327,6
OG_328,5
OG_329,5
OG_330,5
OG_331,6
OG_332,4
OG_333,5
OG_334,8
OG_335,8
OG_336,8
OG_337,8
OG_338,6
OG_339,6
OG_340,4
OG_341,6
OG_342,2
OG_343,2
OG_344,3
OG_345,2
OG_346,2
OG_347,7
OG_348,4
OG_349,9
OG_350,7
OG_351,5
OG_352,5
OG_353,6
OG_354,6
OG_355,8
OG_356,2
OG_357,3
OG_358,6
OG_359,5
OG_360,5
OG_361,4
OG_362,2
OG_363,7
OG_364,2
OG_365,5
OG_366,5
OG_367,5
OG_368,2
OG_369,4
OG_370,4
OG_371,4
OG_372,5
OG_373,4
OG_374,3
OG_375,3
OG_376,2
OG_377,2
OG_378,4
OG_379,3
OG_380,3
OG_381,3
OG_382,3
OG_383,6
OG_384,4
OG_385,3
OG_386,4
OG_387,4
OG_388,3
OG_389,3
OG_390,3
OG_391,2
OG_392,2
OG_393,3
OG_394,3
OG_395,5
OG_396,3
OG_397,5
OG_398,2
OG_399,4
OG_400,5
OG_401,4
OG_402,4
OG_403,2
OG_404,4
OG_405,3
OG_406,5
OG_407,2
OG_408,6
OG_409,6
OG_410,3
OG_411,3
OG_412,7
OG_413,6
OG_414,2
OG_415,6
OG_416,3
OG_417,5
OG_418,3
OG_419,2
OG_420,2
OG_421,3
OG_422,2
OG_423,3
OG_424,2
OG_425,2
OG_426,4
OG_427,2
OG_428,2
OG_429,4
OG_430,2
OG_431,3
OG_432,3
OG_433,4
OG_434,4
OG_435,4
OG_436,2
OG_437,2
OG_438,4
OG_439,3
OG_440,2
OG_441,2
OG_442,2
OG_443,2
OG_444,2
OG_445,5
OG_446,4
OG_447,4
OG_448,3
OG_449,3
OG_450,3
OG_451,4
OG_452,5
OG_453,6
OG_454,4
OG_455,2
OG_456,2
OG_457,2
OG_458,3
OG_459,3
OG_460,3
OG_461,4
OG_462,4
OG_463,4
OG_464,6
OG_465,2
OG_466,3
OG_467,3
OG_468,3
OG_469,3
OG_470,3
OG_471,5
OG_472,3
OG_473,3
OG_474,3
OG_475,3
OG_476,3
OG_477,4
OG_478,3
OG_479,3
OG_480,3
OG_481,2
OG_482,2
OG_483,2
OG_484,2
OG_485,2
OG_486,4
OG_487,3
OG_488,3
OG_489,5
OG_490,3
OG_491,4
OG_492,3
OG_493,3
OG_494,4
OG_495,4
OG_496,5
OG_497,2
OG_498,2
OG_499,3
OG_500,3
OG_501,3
OG_502,4
OG_503,2
OG_504,3
OG_505,3
OG_506,3
OG_507,3
OG_508,2
OG_509,2
OG_510,4
OG_511,3
OG_512,3
OG_513,3
OG_514,4
OG_515,2
OG_516,2
OG_517,2
OG_518,2
OG_519,2
OG_520,2
OG_521,2
OG_522,2
OG_523,3
OG_524,2
OG_525,3
OG_526,5
OG_527,3
OG_528,2
OG_529,2
OG_530,2
OG_531,2
OG_532,2
OG_533,2
OG_534,3
OG_535,6
OG_536,6
OG_537,3
OG_538,3
OG_539,3
OG_540,2
OG_541,2
OG_542,4
OG_543,4
OG_544,4
OG_545,2
OG_546,2
OG_547,4
OG_548,5
OG_549,2
OG_550,3
OG_551,3
OG_552,3
OG_553,4
OG_554,3
OG_555,4
OG_556,4
OG_557,4
OG_558,2
OG_559,2
OG_560,2
OG_561,2
OG_562,2
OG_563,2
OG_564,2
OG_565,2
OG_566,2
OG_567,2
OG_568,2
OG_569,2
OG_570,2
OG_571,2
OG_572,2
OG_573,2
OG_574,2
OG_575,2
OG_576,2
OG_577,3
OG_578,3
OG_579,3
OG_580,3
OG_581,3
OG_582,3
OG_583,2
OG_584,3
OG_585,2
OG_586,3
OG_587,2
OG_588,3
OG_589,2
OG_590,2
OG_591,3
OG_592,2
OG_593,2
OG_594,4
OG_595,2
OG_596,2
OG_597,2
OG_598,2
OG_599,2
OG_600,2
OG_601,2
OG_602,4
OG_603,2
OG_604,2
OG_605,2
OG_606,4
OG_607,4
OG_608,2
OG_609,2
OG_610,2
OG_611,2
OG_612,2
OG_613,2
OG_614,2
OG_615,2
OG_616,2
OG_617,2
OG_618,2
OG_619,2
OG_620,2
OG_621,2
OG_622,2
OG_623,2
OG_624,2
OG_625,2
OG_626,2
OG_627,2
OG_628,3
OG_629,2
OG_630,2
OG_631,3
OG_632,2
OG_633,3
OG_634,2
OG_635,2
OG_636,2
OG_637,2
OG_638,3
OG_639,5
OG_640,5
OG_641,3
OG_642,4
OG_643,6
OG_644,6
OG_645,2
OG_646,3
OG_647,3
OG_648,3
OG_649,3
OG_650,4
OG_651,3
OG_652,4
OG_653,4
OG_654,3
OG_655,3
OG_656,2
OG_657,3
OG_658,2
OG_659,3
OG_660,3
OG_661,3
OG_662,4
OG_663,4
OG_664,2
OG_665,3
OG_666,3
OG_667,3
OG_668,3
OG_669,3
OG_670,3
OG_671,3
OG_672,3
OG_673,3
OG_674,3
OG_675,3
OG_676,3
OG_677,3
OG_678,3
OG_679,3
OG_680,3
OG_681,2
OG_682,10
OG_683,10
OG_684,10
OG_685,10
OG_686,10
OG_687,10
OG_688,10
OG_689,10
OG_690,10
OG_691,10
OG_692,10
OG_693,10
OG_694,9
OG_695,10
OG_696,10
OG_697,10
OG_698,10
OG_699,10
OG_700,10
OG_701,10
OG_702,10
OG_703,10
OG_704,10
OG_705,9
OG_706,10
OG_707,10
OG_708,8
OG_709,9
OG_710,10
OG_711,10
OG_712,10
OG_713,10
OG_714,10
OG_715,10
OG_716,10
OG_717,10
OG_718,10
OG_719,10
OG_720,9
OG_721,10
OG_722,10
OG_723,10
OG_724,10
OG_725,10
OG_726,10
OG_727,8
OG_728,8
OG_729,8
OG_730,8
OG_731,8
OG_732,10
OG_733,10
OG_734,10
OG_735,10
OG_736,10
OG_737,10
OG_738,10
OG_739,10
OG_740,10
OG_741,10
OG_742,9
OG_743,10
OG_744,10
OG_745,10
OG_746,9
OG_747,10
OG_748,10
OG_749,8
OG_750,8
OG_751,8
OG_752,8
OG_753,8
OG_754,6
OG_755,8
OG_756,10
OG_757,10
OG_758,10
OG_759,10
OG_760,10
OG_761,10
OG_762,10
OG_763,10
OG_764,10
OG_765,10
OG_766,10
OG_767,10
OG_768,10
OG_769,10
OG_770,10
OG_771,10
OG_772,10
OG_773,10
OG_774,10
OG_775,10
OG_776,10
OG_777,10
OG_778,10
OG_779,10
OG_780,8
OG_781,9
OG_782,9
OG_783,9
OG_784,10
OG_785,10
OG_786,10
OG_787,10
OG_788,9
OG_789,9
OG_790,10
OG_791,10
OG_792,10
OG_793,10
OG_794,10
OG_795,10
OG_796,10
OG_797,10
OG_798,10
OG_799,10
OG_800,10
OG_801,10
OG_802,10
OG_803,10
OG_804,10
OG_805,10
OG_806,9
OG_807,10
OG_808,10
OG_809,10
OG_810,10
OG_811,10
OG_812,10
OG_813,10
OG_814,10
OG_815,9
OG_816,10
OG_817,10
OG_818,10
OG_819,10
OG_820,10
OG_821,10
OG_822,4
OG_823,10
OG_824,10
OG_825,10
OG_826,10
OG_827,10
OG_828,10
OG_829,10
OG_830,10
OG_831,10
OG_832,10
OG_833,10
OG_834,10
OG_835,10
OG_836,10
OG_837,10
OG_838,10
OG_839,10
OG_840,10
OG_841,10
OG_842,10
OG_843,10
OG_844,10
OG_845,10
OG_846,10
OG_847,10
OG_848,10
OG_849,10
OG_850,8
OG_851,10
OG_852,10
OG_853,10
OG_854,10
OG_855,10
OG_856,10
OG_857,10
OG_858,10
OG_859,10
OG_860,10
OG_861,10
OG_862,10
OG_863,10
OG_864,10
OG_865,10
OG_866,8
OG_867,10
OG_868,10
OG_869,10
OG_870,10
OG_871,10
OG_872,10
OG_873,10
OG_874,10
OG_875,10
OG_876,10
OG_877,10
OG_878,10
OG_879,10
OG_880,10
OG_881,10
OG_882,10
OG_883,10
OG_884,10
OG_885,10
OG_886,10
OG_887,9
OG_888,9
OG_889,10
OG_890,10
OG_891,10
OG_892,10
OG_893,10
OG_894,10
OG_895,10
OG_896,10
OG_897,10
OG_898,10
OG_899,10
OG_900,9
OG_901,10
OG_902,10
OG_903,10
OG_904,10
OG_905,10
OG_906,10
OG_907,10
OG_908,10
OG_909,10
OG_910,10
OG_911,10
OG_912,10
OG_913,10
OG_914,10
OG_915,10
OG_916,10
OG_917,10
OG_918,10
OG_919,10
OG_920,10
OG_921,10
OG_922,10
OG_923,10
OG_924,10
OG_925,10
OG_926,10
OG_927,10
OG_928,10
OG_929,10
OG_930,10
OG_931,10
OG_932,10
OG_933,10
OG_934,10
OG_935,10
OG_936,10
OG_937,10
OG_938,10
OG_939,10
OG_940,10
OG_941,10
OG_942,10
OG_943,9
OG_944,10
OG_945,10
OG_946,10
OG_947,10
OG_948,10
OG_949,10
OG_950,10
OG_951,10
OG_952,10
OG_953,10
OG_954,10
OG_955,10
OG_956,10
OG_957,10
OG_958,10
OG_959,10
OG_960,10
OG_961,10
OG_962,10
OG_963,10
OG_964,10
OG_965,10
OG_966,10
OG_967,10
OG_968,10
OG_969,10
OG_970,5
OG_971,10
OG_972,10
OG_973,10
OG_974,10
OG_975,10
OG_976,10
OG_977,10
OG_978,10
OG_979,10
OG_980,10
OG_981,10
OG_982,9
OG_983,6
OG_984,6
OG_985,6
OG_986,5
OG_987,5
OG_988,5
OG_989,6
OG_990,10
OG_991,10
OG_992,10
OG_993,9
OG_994,10
OG_995,9
OG_996,10
OG_997,9
OG_998,9
OG_999,9
OG_1000,9
OG_1001,9
OG_1002,9
OG_1003,10
OG_1004,10
OG_1005,10
OG_1006,10
OG_1007,10
OG_1008,10
OG_1009,10
OG_1010,10
OG_1011,10
OG_1012,10
OG_1013,10
OG_1014,10
OG_1015,10
OG_1016,10
OG_1017,10
OG_1018,10
OG_1019,10
OG_1020,10
OG_1021,10
OG_1022,10
OG_1023,9
OG_1024,10
OG_1025,10
OG_1026,10
OG_1027,9
OG_1028,9
OG_1029,9
OG_1030,9
OG_1031,9
OG_1032,9
OG_1033,9
OG_1034,9
OG_1035,9
OG_1036,9
OG_1037,9
OG_1038,9
OG_1039,9
OG_1040,9
OG_1041,9
OG_1042,9
OG_1043,10
OG_1044,10
OG_1045,10
OG_1046,10
OG_1047,10
OG_1048,10
OG_1049,10
OG_1050,10
OG_1051,10
OG_1052,10
OG_1053,10
OG_1054,10
OG_1055,10
OG_1056,10
OG_1057,10
OG_1058,10
OG_1059,9
OG_1060,10
OG_1061,10
OG_1062,9
OG_1063,8
OG_1064,7
OG_1065,4
OG_1066,10
OG_1067,10
OG_1068,10
OG_1069,10
OG_1070,10
OG_1071,10
OG_1072,10
OG_1073,10
OG_1074,10
OG_1075,10
OG_1076,8
OG_1077,10
OG_1078,10
OG_1079,9
OG_1080,10
OG_1081,10
OG_1082,10
OG_1083,10
OG_1084,10
OG_1085,10
OG_1086,9
OG_1087,10
OG_1088,10
OG_1089,10
OG_1090,10
OG_1091,10
OG_1092,10
OG_1093,10
OG_1094,10
OG_1095,10
OG_1096,10
OG_1097,10
OG_1098,10
OG_1099,10
OG_1100,10
OG_1101,10
OG_1102,10
OG_1103,10
OG_1104,10
OG_1105,10
OG_1106,10
OG_1107,10
OG_1108,9
OG_1109,10
OG_1110,10
OG_1111,10
OG_1112,10
OG_1113,10
OG_1114,10
OG_1115,10
OG_1116,10
OG_1117,9
OG_1118,10
OG_1119,9
OG_1120,10
OG_1121,10
OG_1122,9
OG_1123,10
OG_1124,10
OG_1125,10
OG_1126,10
OG_1127,4
OG_1128,4
OG_1129,4
OG_1130,10
OG_1131,10
OG_1132,10
OG_1133,10
OG_1134,10
OG_1135,10
OG_1136,10
OG_1137,10
OG_1138,10
OG_1139,10
OG_1140,10
OG_1141,10
OG_1142,10
OG_1143,10
OG_1144,10
OG_1145,10
OG_1146,10
OG_1147,9
OG_1148,10
OG_1149,10
OG_1150,9
OG_1151,10
OG_1152,10
OG_1153,10
OG_1154,10
OG_1155,10
OG_1156,10
OG_1157,10
OG_1158,10
OG_1159,10
OG_1160,10
OG_1161,10
OG_1162,10
OG_1163,10
OG_1164,10
OG_1165,10
OG_1166,10
OG_1167,10
OG_1168,10
OG_1169,10
OG_1170,10
OG_1171,10
OG_1172,9
OG_1173,10
OG_1174,10
OG_1175,10
OG_1176,10
OG_1177,10
OG_1178,10
OG_1179,10
OG_1180,7
OG_1181,7
OG_1182,7
OG_1183,6
OG_1184,6
OG_1185,6
OG_1186,6
OG_1187,6
OG_1188,6
OG_1189,7
OG_1190,7
OG_1191,7
OG_1192,9
OG_1193,9
OG_1194,9
OG_1195,9
OG_1196,7
OG_1197,8
OG_1198,8
OG_1199,8
OG_1200,8
OG_1201,8
OG_1202,8
OG_1203,4
OG_1204,9
OG_1205,9
OG_1206,9
OG_1207,9
OG_1208,8
OG_1209,7
OG_1210,8
OG_1211,10
OG_1212,10
OG_1213,10
OG_1214,10
OG_1215,10
OG_1216,10
OG_1217,9
OG_1218,10
OG_1219,10
OG_1220,10
OG_1221,10
OG_1222,10
OG_1223,10
OG_1224,3
OG_1225,10
OG_1226,10
OG_1227,10
OG_1228,10
OG_1229,10
OG_1230,10
OG_1231,10
OG_1232,10
OG_1233,10
OG_1234,10
OG_1235,10
OG_1236,10
OG_1237,10
OG_1238,10
OG_1239,10
OG_1240,10
OG_1241,10
OG_1242,10
OG_1243,10
OG_1244,10
OG_1245,10
OG_1246,10
OG_1247,9
OG_1248,10
OG_1249,10
OG_1250,10
OG_1251,5
OG_1252,3
OG_1253,6
OG_1254,5
OG_1255,2
OG_1256,2
OG_1257,6
OG_1258,7
OG_1259,3
OG_1260,2
OG_1261,3
OG_1262,2
OG_1263,2
OG_1264,2
OG_1265,2
OG_1266,2
OG_1267,2
OG_1268,2
OG_1269,2
OG_1270,3
OG_1271,2
OG_1272,2
OG_1273,3
OG_1274,3
OG_1275,2
OG_1276,2
OG_1277,2
OG_1278,4
OG_1279,2
OG_1280,2
OG_1281,2
OG_1282,2
OG_1283,2
OG_1284,2
OG_1285,2
OG_1286,2
OG_1287,2
OG_1288,2
OG_1289,2
OG_1290,2
OG_1291,2
OG_1292,2
OG_1293,2
OG_1294,2
OG_1295,2
OG_1296,2
OG_1297,2
OG_1298,2
OG_1299,2
OG_1300,2
OG_1301,2
OG_1302,2
OG_1303,2
OG_1304,3
OG_1305,2
OG_1306,2
OG_1307,3
OG_1308,2
OG_1309,2
OG_1310,3
OG_1311,2
OG_1312,2
OG_1313,2
OG_1314,2
OG_1315,2
OG_1316,2
OG_1317,2
OG_1318,2
OG_1319,2
OG_1320,2
OG_1321,2
OG_1322,2
OG_1323,2
OG_1324,5
OG_1325,10
OG_1326,10
OG_1327,10
OG_1328,10
OG_1329,10
OG_1330,10
OG_1331,10
OG_1332,10
OG_1333,10
OG_1334,10
OG_1335,10
OG_1336,9
OG_1337,9
OG_1338,6
OG_1339,5
OG_1340,10
OG_1341,10
OG_1342,10
OG_1343,10
OG_1344,10
OG_1345,10
OG_1346,10
OG_1347,10
OG_1348,10
OG_1349,10
OG_1350,10
OG_1351,10
OG_1352,10
OG_1353,10
OG_1354,9
OG_1355,10
OG_1356,10
OG_1357,10
OG_1358,10
OG_1359,10
OG_1360,10
OG_1361,9
OG_1362,10
OG_1363,10
OG_1364,10
OG_1365,10
OG_1366,10
OG_1367,10
OG_1368,10
OG_1369,10
OG_1370,10
OG_1371,10
OG_1372,10
OG_1373,10
OG_1374,9
OG_1375,10
OG_1376,10
OG_1377,10
OG_1378,10
OG_1379,10
OG_1380,10
OG_1381,10
OG_1382,10
OG_1383,10
OG_1384,9
OG_1385,6
OG_1386,10
OG_1387,10
OG_1388,10
OG_1389,10
OG_1390,9
OG_1391,10
OG_1392,10
OG_1393,10
OG_1394,10
OG_1395,10
OG_1396,10
OG_1397,10
OG_1398,10
OG_1399,10
OG_1400,10
OG_1401,10
OG_1402,10
OG_1403,10
OG_1404,10
OG_1405,10
OG_1406,10
OG_1407,10
OG_1408,10
OG_1409,10
OG_1410,10
OG_1411,10
OG_1412,10
OG_1413,10
OG_1414,10
OG_1415,10
OG_1416,10
OG_1417,8
OG_1418,9
OG_1419,10
OG_1420,10
OG_1421,10
OG_1422,10
OG_1423,10
OG_1424,10
OG_1425,10
OG_1426,10
OG_1427,9
OG_1428,10
OG_1429,10
OG_1430,10
OG_1431,10
OG_1432,10
OG_1433,9
OG_1434,10
OG_1435,10
OG_1436,10
OG_1437,10
OG_1438,6
OG_1439,6
OG_1440,5
OG_1441,7
OG_1442,7
OG_1443,7
OG_1444,10
OG_1445,10
OG_1446,10
OG_1447,10
OG_1448,10
OG_1449,10
OG_1450,10
OG_1451,10
OG_1452,8
OG_1453,9
OG_1454,9
OG_1455,9
OG_1456,10
OG_1457,10
OG_1458,10
OG_1459,10
OG_1460,10
OG_1461,10
OG_1462,9
OG_1463,10
OG_1464,9
OG_1465,10
OG_1466,4
OG_1467,10
OG_1468,10
OG_1469,10
OG_1470,10
OG_1471,10
OG_1472,10
OG_1473,10
OG_1474,10
OG_1475,10
OG_1476,8
OG_1477,10
OG_1478,10
OG_1479,10
OG_1480,10
OG_1481,10
OG_1482,10
OG_1483,10
OG_1484,10
OG_1485,10
OG_1486,10
OG_1487,10
OG_1488,9
OG_1489,10
OG_1490,9
OG_1491,10
OG_1492,10
OG_1493,10
OG_1494,10
OG_1495,10
OG_1496,10
OG_1497,10
OG_1498,10
OG_1499,10
OG_1500,10
OG_1501,10
OG_1502,10
OG_1503,10
OG_1504,10
OG_1505,10
OG_1506,10
OG_1507,10
OG_1508,10
OG_1509,10
OG_1510,10
OG_1511,10
OG_1512,8
OG_1513,5
OG_1514,4
OG_1515,4
OG_1516,5
OG_1517,5
OG_1518,2
OG_1519,5
OG_1520,6
OG_1521,6
OG_1522,6
OG_1523,5
OG_1524,6
OG_1525,5
OG_1526,5
OG_1527,5
OG_1528,4
OG_1529,5
OG_1530,5
OG_1531,6
OG_1532,10
OG_1533,10
OG_1534,10
OG_1535,10
OG_1536,10
OG_1537,10
OG_1538,8
OG_1539,8
OG_1540,10
OG_1541,8
OG_1542,10
OG_1543,10
OG_1544,9
OG_1545,10
OG_1546,10
OG_1547,10
OG_1548,10
OG_1549,10
OG_1550,9
OG_1551,10
OG_1552,10
OG_1553,7
OG_1554,7
OG_1555,7
OG_1556,7
OG_1557,7
OG_1558,7
OG_1559,8
OG_1560,8
OG_1561,8
OG_1562,7
OG_1563,9
OG_1564,9
OG_1565,9
OG_1566,9
OG_1567,8
OG_1568,7
OG_1569,7
OG_1570,8
OG_1571,8
OG_1572,8
OG_1573,8
OG_1574,8
OG_1575,8
OG_1576,8
OG_1577,7
OG_1578,4
OG_1579,8
OG_1580,8
OG_1581,8
OG_1582,8
OG_1583,8
OG_1584,8
OG_1585,8
OG_1586,8
OG_1587,8
OG_1588,7
OG_1589,7
OG_1590,7
OG_1591,7
OG_1592,8
OG_1593,9
OG_1594,9
OG_1595,7
OG_1596,7
OG_1597,7
OG_1598,7
OG_1599,7
OG_1600,7
OG_1601,7
OG_1602,7
OG_1603,8
OG_1604,8
OG_1605,8
OG_1606,6
OG_1607,4
OG_1608,5
OG_1609,9
OG_1610,9
OG_1611,9
OG_1612,9
OG_1613,10
OG_1614,7
OG_1615,8
OG_1616,8
OG_1617,8
OG_1618,8
OG_1619,8
OG_1620,9
OG_1621,9
OG_1622,9
OG_1623,10
OG_1624,10
OG_1625,10
OG_1626,10
OG_1627,10
OG_1628,10
OG_1629,10
OG_1630,10
OG_1631,10
OG_1632,10
OG_1633,9
OG_1634,10
OG_1635,9
OG_1636,10
OG_1637,9
OG_1638,10
OG_1639,10
OG_1640,9
OG_1641,10
OG_1642,10
OG_1643,10
OG_1644,10
OG_1645,10
OG_1646,10
OG_1647,10
OG_1648,10
OG_1649,10
OG_1650,10
OG_1651,10
OG_1652,10
OG_1653,10
OG_1654,10
OG_1655,10
OG_1656,10
OG_1657,10
OG_1658,10
OG_1659,10
OG_1660,10
OG_1661,10
OG_1662,10
OG_1663,10
OG_1664,10
OG_1665,8
OG_1666,9
OG_1667,9
OG_1668,8
OG_1669,8
OG_1670,10
OG_1671,10
OG_1672,10
OG_1673,10
OG_1674,10
OG_1675,10
OG_1676,10
OG_1677,10
OG_1678,10
OG_1679,10
OG_1680,10
OG_1681,10
OG_1682,10
OG_1683,9
OG_1684,10
OG_1685,10
OG_1686,10
OG_1687,10
OG_1688,10
OG_1689,10
OG_1690,9
OG_1691,10
OG_1692,10
OG_1693,9
OG_1694,10
OG_1695,10
OG_1696,10
OG_1697,10
OG_1698,10
OG_1699,10
OG_1700,10
OG_1701,10
OG_1702,10
OG_1703,10
OG_1704,10
OG_1705,10
OG_1706,10
OG_1707,10
OG_1708,10
OG_1709,9
OG_1710,10
OG_1711,10
OG_1712,9
OG_1713,10
OG_1714,10
OG_1715,10
OG_1716,10
OG_1717,10
OG_1718,10
OG_1719,10
OG_1720,10
OG_1721,9
OG_1722,10
OG_1723,10
OG_1724,10
OG_1725,10
OG_1726,10
OG_1727,10
OG_1728,10
OG_1729,10
OG_1730,9
OG_1731,10
OG_1732,9
OG_1733,5
OG_1734,7
OG_1735,10
OG_1736,10
OG_1737,10
OG_1738,10
OG_1739,10
OG_1740,8
OG_1741,8
OG_1742,8
OG_1743,8
OG_1744,8
OG_1745,8
OG_1746,9
OG_1747,9
OG_1748,8
OG_1749,9
OG_1750,9
OG_1751,10
OG_1752,10
OG_1753,10
OG_1754,10
OG_1755,10
OG_1756,10
OG_1757,10
OG_1758,9
OG_1759,9
OG_1760,10
OG_1761,8
OG_1762,7
OG_1763,7
OG_1764,8
OG_1765,8
OG_1766,8
OG_1767,5
OG_1768,5
OG_1769,5
OG_1770,5
OG_1771,6
OG_1772,6
OG_1773,6
OG_1774,7
OG_1775,6
OG_1776,7
OG_1777,8
OG_1778,7
OG_1779,8
OG_1780,5
OG_1781,5
OG_1782,9
OG_1783,9
OG_1784,9
OG_1785,9
OG_1786,8
OG_1787,9
OG_1788,10
OG_1789,9
OG_1790,9
OG_1791,9
OG_1792,9
OG_1793,9
OG_1794,2
OG_1795,10
OG_1796,10
OG_1797,10
OG_1798,10
OG_1799,10
OG_1800,9
OG_1801,10
OG_1802,10
OG_1803,10
OG_1804,10
OG_1805,10
OG_1806,10
OG_1807,10
OG_1808,10
OG_1809,10
OG_1810,10
OG_1811,9
OG_1812,10
OG_1813,10
OG_1814,10
OG_1815,10
OG_1816,2
OG_1817,8
OG_1818,8
OG_1819,9
OG_1820,10
OG_1821,10
OG_1822,10
OG_1823,8
OG_1824,8
OG_1825,9
OG_1826,9
OG_1827,9
OG_1828,9
OG_1829,9
OG_1830,9
OG_1831,9
OG_1832,9
OG_1833,8
OG_1834,8
OG_1835,8
OG_1836,9
OG_1837,9
OG_1838,10
OG_1839,10
OG_1840,10
OG_1841,10
OG_1842,9
OG_1843,10
OG_1844,10
OG_1845,10
OG_1846,10
OG_1847,10
OG_1848,10
OG_1849,10
OG_1850,10
OG_1851,9
OG_1852,10
OG_1853,10
OG_1854,10
OG_1855,10
OG_1856,10
OG_1857,8
OG_1858,8
OG_1859,7
OG_1860,7
OG_1861,7
OG_1862,8
OG_1863,8
OG_1864,9
OG_1865,8
OG_1866,10
OG_1867,9
OG_1868,10
OG_1869,10
OG_1870,10
OG_1871,10
OG_1872,10
OG_1873,10
OG_1874,10
OG_1875,10
OG_1876,10
OG_1877,10
OG_1878,10
OG_1879,10
OG_1880,10
OG_1881,10
OG_1882,9
OG_1883,9
OG_1884,10
OG_1885,10
OG_1886,10
OG_1887,10
OG_1888,10
OG_1889,10
OG_1890,9
OG_1891,9
OG_1892,10
OG_1893,8
OG_1894,10
OG_1895,10
OG_1896,9
OG_1897,10
OG_1898,4
OG_1899,4
OG_1900,6
OG_1901,10
OG_1902,10
OG_1903,9
OG_1904,10
OG_1905,10
OG_1906,9
OG_1907,10
OG_1908,10
OG_1909,8
OG_1910,8
OG_1911,7
OG_1912,8
OG_1913,6
OG_1914,10
OG_1915,9
OG_1916,10
OG_1917,10
OG_1918,10
OG_1919,10
OG_1920,10
OG_1921,10
OG_1922,10
OG_1923,10
OG_1924,7
OG_1925,6
OG_1926,7
OG_1927,10
OG_1928,10
OG_1929,10
OG_1930,10
OG_1931,10
OG_1932,10
OG_1933,10
OG_1934,10
OG_1935,10
OG_1936,10
OG_1937,10
OG_1938,10
OG_1939,10
OG_1940,10
OG_1941,10
OG_1942,10
OG_1943,10
OG_1944,9
OG_1945,9
OG_1946,9
OG_1947,9
OG_1948,9
OG_1949,9
OG_1950,9
OG_1951,9
OG_1952,9
OG_1953,9
OG_1954,8
OG_1955,9
OG_1956,7
OG_1957,8
OG_1958,7
OG_1959,8
OG_1960,9
OG_1961,4
OG_1962,2
OG_1963,10
OG_1964,10
OG_1965,10
OG_1966,10
OG_1967,10
OG_1968,10
OG_1969,10
OG_1970,10
OG_1971,10
OG_1972,10
OG_1973,10
OG_1974,10
OG_1975,10
OG_1976,10
OG_1977,9
OG_1978,10
OG_1979,10
OG_1980,10
OG_1981,10
OG_1982,10
OG_1983,10
OG_1984,10
OG_1985,10
OG_1986,10
OG_1987,10
OG_1988,7
OG_1989,10
OG_1990,10
OG_1991,10
OG_1992,10
OG_1993,10
OG_1994,10
OG_1995,9
OG_1996,10
OG_1997,10
OG_1998,9
OG_1999,10
OG_2000,10
OG_2001,10
OG_2002,10
OG_2003,10
OG_2004,10
OG_2005,10
OG_2006,10
OG_2007,10
OG_2008,10
OG_2009,10
OG_2010,10
OG_2011,9
OG_2012,10
OG_2013,10
OG_2014,10
OG_2015,10
OG_2016,10
OG_2017,10
OG_2018,10
OG_2019,10
OG_2020,10
OG_2021,10
OG_2022,10
OG_2023,9
OG_2024,9
OG_2025,9
OG_2026,9
OG_2027,9
OG_2028,10
OG_2029,10
OG_2030,10
OG_2031,10
OG_2032,9
OG_2033,9
OG_2034,9
OG_2035,10
OG_2036,10
OG_2037,10
OG_2038,10
OG_2039,10
OG_2040,10
OG_2041,10
OG_2042,10
OG_2043,10
OG_2044,10
OG_2045,10
OG_2046,10
OG_2047,10
OG_2048,10
OG_2049,9
OG_2050,10
OG_2051,10
OG_2052,10
OG_2053,10
OG_2054,10
OG_2055,10
OG_2056,10
OG_2057,10
OG_2058,10
OG_2059,10
OG_2060,10
OG_2061,10
OG_2062,10
OG_2063,10
OG_2064,10
OG_2065,10
OG_2066,10
OG_2067,10
OG_2068,10
OG_2069,10
OG_2070,10
OG_2071,10
OG_2072,10
OG_2073,10
OG_2074,10
OG_2075,10
OG_2076,10
OG_2077,10
OG_2078,10
OG_2079,10
OG_2080,10
OG_2081,10
OG_2082,10
OG_2083,10
OG_2084,10
OG_2085,10
OG_2086,7
OG_2087,7
OG_2088,6
OG_2089,10
OG_2090,10
OG_2091,10
OG_2092,10
OG_2093,9
OG_2094,10
OG_2095,10
OG_2096,10
OG_2097,10
OG_2098,10
OG_2099,10
OG_2100,9
OG_2101,10
OG_2102,10
OG_2103,10
OG_2104,10
OG_2105,10
OG_2106,10
OG_2107,10
OG_2108,10
OG_2109,10
OG_2110,10
OG_2111,10
OG_2112,10
OG_2113,10
OG_2114,10
OG_2115,10
OG_2116,9
OG_2117,10
OG_2118,10
OG_2119,10
OG_2120,9
OG_2121,10
OG_2122,9
OG_2123,10
OG_2124,10
OG_2125,8
OG_2126,8
OG_2127,8
OG_2128,9
OG_2129,9
OG_2130,9
OG_2131,9
OG_2132,10
OG_2133,10
OG_2134,10
OG_2135,10
OG_2136,10
OG_2137,10
OG_2138,10
OG_2139,10
OG_2140,10
OG_2141,10
OG_2142,9
OG_2143,10
OG_2144,10
OG_2145,9
OG_2146,9
OG_2147,10
OG_2148,10
OG_2149,10
OG_2150,9
OG_2151,10
OG_2152,10
OG_2153,10
OG_2154,10
OG_2155,10
OG_2156,10
OG_2157,10
OG_2158,10
OG_2159,10
OG_2160,10
OG_2161,10
OG_2162,10
OG_2163,10
OG_2164,10
OG_2165,10
OG_2166,8
OG_2167,10
OG_2168,8
OG_2169,8
OG_2170,8
OG_2171,8
OG_2172,8
OG_2173,8
OG_2174,8
OG_2175,9
OG_2176,9
OG_2177,9
OG_2178,9
OG_2179,10
OG_2180,10
OG_2181,10
OG_2182,9
OG_2183,9
OG_2184,10
OG_2185,10
OG_2186,8
OG_2187,10
OG_2188,10
OG_2189,10
OG_2190,9
OG_2191,10
OG_2192,10
OG_2193,10
OG_2194,10
OG_2195,9
OG_2196,10
OG_2197,10
OG_2198,8
OG_2199,6
OG_2200,9
OG_2201,9
OG_2202,9
OG_2203,9
OG_2204,9
OG_2205,2
OG_2206,2
OG_2207,2
OG_2208,2
OG_2209,2
OG_2210,2
OG_2211,2
OG_2212,2
OG_2213,2
OG_2214,2
OG_2215,2
OG_2216,2
OG_2217,2
OG_2218,2
OG_2219,2
OG_2220,2
OG_2221,2
OG_2222,2
OG_2223,2
OG_2224,2
OG_2225,2
OG_2226,2
OG_2227,2
OG_2228,2
OG_2229,2
OG_2230,2
OG_2231,2
OG_2232,2
OG_2233,2
OG_2234,2
OG_2235,2
OG_2236,2
OG_2237,2
OG_2238,2
OG_2239,2
OG_2240,2
OG_2241,2
OG_2242,2
OG_2243,3
OG_2244,3
OG_2245,2
OG_2246,2
OG_2247,4
OG_2248,2
OG_2249,2
OG_2250,2
OG_2251,2
OG_2252,3
OG_2253,2
OG_2254,2
OG_2255,2
OG_2256,3
OG_2257,4
OG_2258,3
OG_2259,2
OG_2260,2
OG_2261,7
OG_2262,7
OG_2263,10
OG_2264,10
OG_2265,10
OG_2266,9
OG_2267,10
OG_2268,10
OG_2269,9
OG_2270,9
OG_2271,9
OG_2272,9
OG_2273,10
OG_2274,10
OG_2275,10
OG_2276,10
OG_2277,10
OG_2278,10
OG_2279,9
OG_2280,9
OG_2281,9
OG_2282,10
OG_2283,10
OG_2284,10
OG_2285,10
OG_2286,10
OG_2287,10
OG_2288,9
OG_2289,10
OG_2290,10
OG_2291,10
OG_2292,10
OG_2293,9
OG_2294,10
OG_2295,10
OG_2296,10
OG_2297,10
OG_2298,8
OG_2299,9
OG_2300,9
OG_2301,9
OG_2302,8
OG_2303,9
OG_2304,9
OG_2305,8
OG_2306,8
OG_2307,9
OG_2308,9
OG_2309,9
OG_2310,7
OG_2311,9
OG_2312,10
OG_2313,10
OG_2314,9
OG_2315,10
OG_2316,10
OG_2317,10
OG_2318,10
OG_2319,10
OG_2320,10
OG_2321,10
OG_2322,10
OG_2323,10
OG_2324,10
OG_2325,10
OG_2326,10
OG_2327,10
OG_2328,10
OG_2329,10
OG_2330,10
OG_2331,10
OG_2332,10
OG_2333,10
OG_2334,10
OG_2335,10
OG_2336,10
OG_2337,10
OG_2338,10
OG_2339,10
OG_2340,10
OG_2341,10
OG_2342,10
OG_2343,10
OG_2344,10
OG_2345,10
OG_2346,9
OG_2347,10
OG_2348,7
OG_2349,10
OG_2350,10
OG_2351,3
OG_2352,3
OG_2353,10
OG_2354,10
OG_2355,10
OG_2356,10
OG_2357,10
OG_2358,10
OG_2359,10
OG_2360,10
OG_2361,10
OG_2362,10
OG_2363,10
OG_2364,10
OG_2365,7
OG_2366,7
OG_2367,7
OG_2368,7
OG_2369,7
OG_2370,7
OG_2371,6
OG_2372,8
OG_2373,8
OG_2374,4
OG_2375,6
OG_2376,4
OG_2377,2
OG_2378,4
OG_2379,9
OG_2380,3
OG_2381,8
OG_2382,5
OG_2383,8
OG_2384,7
OG_2385,5
OG_2386,5
OG_2387,5
OG_2388,4
OG_2389,4
OG_2390,4
OG_2391,4
OG_2392,4
OG_2393,4
OG_2394,4
OG_2395,4
OG_2396,4
OG_2397,4
OG_2398,4
OG_2399,4
OG_2400,4
OG_2401,4
OG_2402,9
OG_2403,8
OG_2404,10
OG_2405,10
OG_2406,8
OG_2407,10
OG_2408,10
OG_2409,7
OG_2410,9
OG_2411,10
OG_2412,10
OG_2413,10
OG_2414,10
OG_2415,10
OG_2416,9
OG_2417,10
OG_2418,10
OG_2419,9
OG_2420,8
OG_2421,9
OG_2422,9
OG_2423,8
OG_2424,7
OG_2425,8
OG_2426,9
OG_2427,9
OG_2428,9
OG_2429,8
OG_2430,9
OG_2431,10
OG_2432,3
OG_2433,9
OG_2434,9
OG_2435,10
OG_2436,9
OG_2437,9
OG_2438,8
OG_2439,9
OG_2440,9
OG_2441,9
OG_2442,8
OG_2443,6
OG_2444,7
OG_2445,9
OG_2446,8
OG_2447,9
OG_2448,9
OG_2449,9
OG_2450,9
OG_2451,9
OG_2452,8
OG_2453,6
OG_2454,10
OG_2455,9
OG_2456,10
OG_2457,10
OG_2458,10
OG_2459,9
OG_2460,9
OG_2461,8
OG_2462,8
OG_2463,10
OG_2464,9
OG_2465,8
OG_2466,8
OG_2467,7
OG_2468,7
OG_2469,6
OG_2470,8
OG_2471,8
OG_2472,10
OG_2473,10
OG_2474,8
OG_2475,9
OG_2476,8
OG_2477,9
OG_2478,7
OG_2479,10
OG_2480,10
OG_2481,10
OG_2482,7
OG_2483,7
OG_2484,7
OG_2485,7
OG_2486,8
OG_2487,5
OG_2488,6
OG_2489,5
OG_2490,6
OG_2491,7
OG_2492,8
OG_2493,7
OG_2494,9
OG_2495,9
OG_2496,8
OG_2497,8
OG_2498,9
OG_2499,9
OG_2500,8
OG_2501,8
OG_2502,9
OG_2503,9
OG_2504,9
OG_2505,9
OG_2506,8
OG_2507,4
OG_2508,5
OG_2509,5
OG_2510,5
OG_2511,5
OG_2512,5
OG_2513,10
OG_2514,10
OG_2515,10
OG_2516,9
OG_2517,8
OG_2518,9
OG_2519,10
OG_2520,9
OG_2521,9
OG_2522,9
OG_2523,8
OG_2524,8
OG_2525,6
OG_2526,3
OG_2527,3
OG_2528,5
OG_2529,6
OG_2530,2
OG_2531,8
OG_2532,10
OG_2533,10
OG_2534,8
OG_2535,10
OG_2536,10
OG_2537,2
OG_2538,8
OG_2539,10
OG_2540,8
OG_2541,10
OG_2542,10
OG_2543,9
OG_2544,10
OG_2545,9
OG_2546,10
OG_2547,10
OG_2548,10
OG_2549,10
OG_2550,10
OG_2551,10
OG_2552,10
OG_2553,10
OG_2554,10
OG_2555,10
OG_2556,10
OG_2557,10
OG_2558,10
OG_2559,10
OG_2560,10
OG_2561,10
OG_2562,10
OG_2563,10
OG_2564,9
OG_2565,10
OG_2566,10
OG_2567,10
OG_2568,10
OG_2569,10
OG_2570,10
OG_2571,10
OG_2572,10
OG_2573,10
OG_2574,10
OG_2575,10
OG_2576,10
OG_2577,10
OG_2578,10
OG_2579,10
OG_2580,8
OG_2581,10
OG_2582,10
OG_2583,10
OG_2584,10
OG_2585,10
OG_2586,10
OG_2587,10
OG_2588,10
OG_2589,10
OG_2590,10
OG_2591,10
OG_2592,10
OG_2593,10
OG_2594,10
OG_2595,10
OG_2596,10
OG_2597,10
OG_2598,10
OG_2599,10
OG_2600,9
OG_2601,10
OG_2602,10
OG_2603,10
OG_2604,10
OG_2605,10
OG_2606,10
OG_2607,10
OG_2608,10
OG_2609,10
OG_2610,10
OG_2611,10
OG_2612,10
OG_2613,9
OG_2614,8
OG_2615,10
OG_2616,10
OG_2617,10
OG_2618,10
OG_2619,9
OG_2620,9
OG_2621,10
OG_2622,10
OG_2623,10
OG_2624,10
OG_2625,10
OG_2626,10
OG_2627,10
OG_2628,10
OG_2629,8
OG_2630,8
OG_2631,10
OG_2632,10
OG_2633,10
OG_2634,10
OG_2635,10
OG_2636,9
OG_2637,9
OG_2638,10
OG_2639,10
OG_2640,9
OG_2641,8
OG_2642,9
OG_2643,9
OG_2644,10
OG_2645,10
OG_2646,9
OG_2647,10
OG_2648,10
OG_2649,10
OG_2650,10
OG_2651,9
OG_2652,9
OG_2653,10
OG_2654,10
OG_2655,10
OG_2656,10
OG_2657,2
OG_2658,2
OG_2659,2
OG_2660,2
OG_2661,2
OG_2662,2
OG_2663,2
OG_2664,2
OG_2665,2
OG_2666,2
OG_2667,2
OG_2668,2
OG_2669,2
OG_2670,2
OG_2671,2
OG_2672,2
OG_2673,2
OG_2674,2
OG_2675,2
OG_2676,2
OG_2677,2
OG_2678,2
OG_2679,10
OG_2680,10
OG_2681,10
OG_2682,10
OG_2683,10
OG_2684,10
OG_2685,10
OG_2686,4
OG_2687,9
OG_2688,9
OG_2689,10
OG_2690,10
OG_2691,10
OG_2692,10
OG_2693,10
OG_2694,10
OG_2695,10
OG_2696,9
OG_2697,9
OG_2698,9
OG_2699,9
OG_2700,8
OG_2701,9
OG_2702,9
OG_2703,9
OG_2704,10
OG_2705,10
OG_2706,10
OG_2707,9
OG_2708,10
OG_2709,10
OG_2710,9
OG_2711,9
OG_2712,10
OG_2713,8
OG_2714,10
OG_2715,10
OG_2716,10
OG_2717,10
OG_2718,10
OG_2719,8
OG_2720,9
OG_2721,10
OG_2722,8
OG_2723,9
OG_2724,10
OG_2725,10
OG_2726,10
OG_2727,8
OG_2728,10
OG_2729,10
OG_2730,10
OG_2731,10
OG_2732,10
OG_2733,10
OG_2734,10
OG_2735,10
OG_2736,10
OG_2737,10
OG_2738,10
OG_2739,10
OG_2740,8
OG_2741,7
OG_2742,8
OG_2743,6
OG_2744,9
OG_2745,9
OG_2746,8
OG_2747,9
OG_2748,9
OG_2749,9
OG_2750,9
OG_2751,9
OG_2752,9
OG_2753,8
OG_2754,8
OG_2755,7
OG_2756,8
OG_2757,9
OG_2758,10
OG_2759,10
OG_2760,10
OG_2761,10
OG_2762,10
OG_2763,10
OG_2764,10
OG_2765,10
OG_2766,10
OG_2767,10
OG_2768,10
OG_2769,9
OG_2770,10
OG_2771,10
OG_2772,10
OG_2773,10
OG_2774,10
OG_2775,10
OG_2776,10
OG_2777,10
OG_2778,10
OG_2779,10
OG_2780,10
OG_2781,10
OG_2782,10
OG_2783,10
OG_2784,10
OG_2785,9
OG_2786,10
OG_2787,10
OG_2788,10
OG_2789,10
OG_2790,8
OG_2791,10
OG_2792,10
OG_2793,10
OG_2794,10
OG_2795,9
OG_2796,10
OG_2797,10
OG_2798,10
OG_2799,8
OG_2800,6
OG_2801,10
OG_2802,9
OG_2803,10
OG_2804,10
OG_2805,10
OG_2806,10
OG_2807,9
OG_2808,10
OG_2809,10
OG_2810,10
OG_2811,10
OG_2812,10
OG_2813,10
OG_2814,10
OG_2815,10
OG_2816,10
OG_2817,10
OG_2818,10
OG_2819,10
OG_2820,10
OG_2821,8
OG_2822,4
OG_2823,8
OG_2824,10
OG_2825,10
OG_2826,10
OG_2827,9
OG_2828,9
OG_2829,10
OG_2830,10
OG_2831,10
OG_2832,7
OG_2833,9
OG_2834,9
OG_2835,8
OG_2836,8
OG_2837,8
OG_2838,8
OG_2839,8
OG_2840,6
OG_2841,8
OG_2842,8
OG_2843,8
OG_2844,8
OG_2845,9
OG_2846,9
OG_2847,9
OG_2848,10
OG_2849,10
OG_2850,9
OG_2851,10
OG_2852,9
OG_2853,10
OG_2854,10
OG_2855,10
OG_2856,10
OG_2857,10
OG_2858,10
OG_2859,10
OG_2860,10
OG_2861,10
OG_2862,10
OG_2863,10
OG_2864,10
OG_2865,10
OG_2866,9
OG_2867,9
OG_2868,9
OG_2869,9
OG_2870,9
OG_2871,9
OG_2872,9
OG_2873,8
OG_2874,9
OG_2875,9
OG_2876,9
OG_2877,9
OG_2878,7
OG_2879,7
OG_2880,7
OG_2881,8
OG_2882,7
OG_2883,8
OG_2884,8
OG_2885,8
OG_2886,8
OG_2887,8
OG_2888,8
OG_2889,8
OG_2890,8
OG_2891,8
OG_2892,8
OG_2893,8
OG_2894,8
OG_2895,9
OG_2896,10
OG_2897,10
OG_2898,9
OG_2899,10
OG_2900,9
OG_2901,10
OG_2902,10
OG_2903,10
OG_2904,10
OG_2905,8
OG_2906,9
OG_2907,9
OG_2908,9
OG_2909,10
OG_2910,10
OG_2911,9
OG_2912,9
OG_2913,10
OG_2914,7
OG_2915,3
OG_2916,3
OG_2917,10
OG_2918,8
OG_2919,10
OG_2920,9
OG_2921,10
OG_2922,10
OG_2923,10
OG_2924,10
OG_2925,10
OG_2926,10
OG_2927,4
OG_2928,4
OG_2929,4
OG_2930,8
OG_2931,9
OG_2932,9
OG_2933,4
OG_2934,4
OG_2935,4
OG_2936,3
OG_2937,3
OG_2938,3
OG_2939,3
OG_2940,3
OG_2941,2
OG_2942,5
OG_2943,3
OG_2944,10
OG_2945,10
OG_2946,10
OG_2947,10
OG_2948,9
OG_2949,10
OG_2950,7
OG_2951,8
OG_2952,10
OG_2953,10
OG_2954,10
OG_2955,10
OG_2956,10
OG_2957,10
OG_2958,10
OG_2959,10
OG_2960,10
OG_2961,10
OG_2962,8
OG_2963,9
OG_2964,6
OG_2965,8
OG_2966,8
OG_2967,8
OG_2968,8
OG_2969,8
OG_2970,8
OG_2971,8
OG_2972,10
OG_2973,10
OG_2974,10
OG_2975,10
OG_2976,8
OG_2977,10
OG_2978,10
OG_2979,10
OG_2980,10
OG_2981,10
OG_2982,9
OG_2983,9
OG_2984,9
OG_2985,10
OG_2986,10
OG_2987,9
OG_2988,9
OG_2989,9
OG_2990,9
OG_2991,10
OG_2992,10
OG_2993,10
OG_2994,10
OG_2995,10
OG_2996,9
OG_2997,10
OG_2998,10
OG_2999,9
OG_3000,8
OG_3001,9
OG_3002,8
OG_3003,8
OG_3004,7
OG_3005,8
OG_3006,9
OG_3007,10
OG_3008,10
OG_3009,7
OG_3010,7
OG_3011,8
OG_3012,8
OG_3013,8
OG_3014,8
OG_3015,10
OG_3016,10
OG_3017,10
OG_3018,10
OG_3019,9
OG_3020,10
OG_3021,10
OG_3022,9
OG_3023,9
OG_3024,10
OG_3025,10
OG_3026,10
OG_3027,10
OG_3028,10
OG_3029,10
OG_3030,9
OG_3031,10
OG_3032,10
OG_3033,10
OG_3034,10
OG_3035,10
OG_3036,10
OG_3037,10
OG_3038,10
OG_3039,9
OG_3040,10
OG_3041,9
OG_3042,10
OG_3043,10
OG_3044,10
OG_3045,10
OG_3046,10
OG_3047,9
OG_3048,10
OG_3049,10
OG_3050,10
OG_3051,10
OG_3052,9
OG_3053,10
OG_3054,10
OG_3055,9
OG_3056,9
OG_3057,10
OG_3058,10
OG_3059,10
OG_3060,10
OG_3061,10
OG_3062,10
OG_3063,10
OG_3064,10
OG_3065,10
OG_3066,10
OG_3067,10
OG_3068,10
OG_3069,10
OG_3070,10
OG_3071,10
OG_3072,10
OG_3073,10
OG_3074,10
OG_3075,10
OG_3076,10
OG_3077,10
OG_3078,10
OG_3079,10
OG_3080,8
OG_3081,10
OG_3082,10
OG_3083,10
OG_3084,10
OG_3085,10
OG_3086,10
OG_3087,10
OG_3088,10
OG_3089,10
OG_3090,10
OG_3091,10
OG_3092,10
OG_3093,10
OG_3094,10
OG_3095,10
OG_3096,10
OG_3097,9
OG_3098,9
OG_3099,9
OG_3100,10
OG_3101,10
OG_3102,10
OG_3103,10
OG_3104,9
OG_3105,9
OG_3106,9
OG_3107,10
OG_3108,9
OG_3109,9
OG_3110,9
OG_3111,4
OG_3112,8
OG_3113,10
OG_3114,10
OG_3115,8
OG_3116,10
OG_3117,10
OG_3118,10
OG_3119,10
OG_3120,6
OG_3121,10
OG_3122,10
OG_3123,10
OG_3124,10
OG_3125,10
OG_3126,10
OG_3127,8
OG_3128,9
OG_3129,9
OG_3130,9
OG_3131,9
OG_3132,10
OG_3133,10
OG_3134,10
OG_3135,10
OG_3136,10
OG_3137,10
OG_3138,10
OG_3139,10
OG_3140,10
OG_3141,10
OG_3142,10
OG_3143,10
OG_3144,10
OG_3145,10
OG_3146,10
OG_3147,6
OG_3148,10
OG_3149,10
OG_3150,10
OG_3151,10
OG_3152,10
OG_3153,10
OG_3154,10
OG_3155,10
OG_3156,10
OG_3157,10
OG_3158,10
OG_3159,10
OG_3160,10
OG_3161,10
OG_3162,10
OG_3163,10
OG_3164,10
OG_3165,10
OG_3166,10
OG_3167,10
OG_3168,10
OG_3169,10
OG_3170,9
OG_3171,10
OG_3172,10
OG_3173,10
OG_3174,10
OG_3175,9
OG_3176,10
OG_3177,10
OG_3178,10
OG_3179,9
OG_3180,10
OG_3181,10
OG_3182,10
OG_3183,10
OG_3184,10
OG_3185,10
OG_3186,10
OG_3187,10
OG_3188,10
OG_3189,10
OG_3190,10
OG_3191,10
OG_3192,10
OG_3193,10
OG_3194,10
OG_3195,9
OG_3196,9
OG_3197,10
OG_3198,10
OG_3199,10
OG_3200,10
OG_3201,9
OG_3202,10
OG_3203,10
OG_3204,10
OG_3205,10
OG_3206,9
OG_3207,6
OG_3208,9
OG_3209,10
OG_3210,10
OG_3211,10
OG_3212,10
OG_3213,10
OG_3214,10
OG_3215,10
OG_3216,10
OG_3217,10
OG_3218,10
OG_3219,10
OG_3220,10
OG_3221,10
OG_3222,9
OG_3223,10
OG_3224,10
OG_3225,10
OG_3226,10
OG_3227,10
OG_3228,10
OG_3229,9
OG_3230,9
OG_3231,9
OG_3232,10
OG_3233,9
OG_3234,10
OG_3235,10
OG_3236,10
OG_3237,8
OG_3238,8
OG_3239,9
OG_3240,9
OG_3241,8
OG_3242,10
OG_3243,10
OG_3244,10
OG_3245,4
OG_3246,4
OG_3247,4
OG_3248,4
OG_3249,9
OG_3250,10
OG_3251,10
OG_3252,10
OG_3253,10
OG_3254,10
OG_3255,10
OG_3256,10
OG_3257,10
OG_3258,10
OG_3259,10
OG_3260,10
OG_3261,10
OG_3262,10
OG_3263,10
OG_3264,10
OG_3265,10
OG_3266,10
OG_3267,9
OG_3268,10
OG_3269,10
OG_3270,6
OG_3271,10
OG_3272,10
OG_3273,10
OG_3274,10
OG_3275,10
OG_3276,10
OG_3277,10
OG_3278,10
OG_3279,10
OG_3280,9
OG_3281,8
OG_3282,9
OG_3283,8
OG_3284,8
OG_3285,8
OG_3286,8
OG_3287,8
OG_3288,7
OG_3289,8
OG_3290,8
OG_3291,8
OG_3292,9
OG_3293,9
OG_3294,10
OG_3295,9
OG_3296,9
OG_3297,10
OG_3298,10
OG_3299,10
OG_3300,9
OG_3301,10
OG_3302,10
OG_3303,10
OG_3304,10
OG_3305,9
OG_3306,10
OG_3307,10
OG_3308,10
OG_3309,10
OG_3310,10
OG_3311,10
OG_3312,10
OG_3313,10
OG_3314,9
OG_3315,8
OG_3316,7
OG_3317,9
OG_3318,9
OG_3319,8
OG_3320,9
OG_3321,9
OG_3322,8
OG_3323,9
OG_3324,10
OG_3325,10
OG_3326,9
OG_3327,10
OG_3328,10
OG_3329,10
OG_3330,10
OG_3331,10
OG_3332,10
OG_3333,10
OG_3334,8
OG_3335,10
OG_3336,10
OG_3337,10
OG_3338,10
OG_3339,10
OG_3340,10
OG_3341,10
OG_3342,9
OG_3343,10
OG_3344,10
OG_3345,10
OG_3346,10
OG_3347,10
OG_3348,10
OG_3349,10
OG_3350,10
OG_3351,9
OG_3352,8
OG_3353,9
OG_3354,10
OG_3355,10
OG_3356,10
OG_3357,10
OG_3358,10
OG_3359,10
OG_3360,10
OG_3361,10
OG_3362,10
OG_3363,10
OG_3364,10
OG_3365,10
OG_3366,9
OG_3367,10
OG_3368,10
OG_3369,8
OG_3370,7
OG_3371,8
OG_3372,8
OG_3373,8
OG_3374,8
OG_3375,9
OG_3376,9
OG_3377,9
OG_3378,9
OG_3379,9
OG_3380,9
OG_3381,10
OG_3382,10
OG_3383,10
OG_3384,10
OG_3385,10
OG_3386,10
OG_3387,10
OG_3388,10
OG_3389,10
OG_3390,10
OG_3391,10
OG_3392,10
OG_3393,10
OG_3394,10
OG_3395,10
OG_3396,10
OG_3397,10
OG_3398,10
OG_3399,10
OG_3400,10
OG_3401,10
OG_3402,10
OG_3403,10
OG_3404,10
OG_3405,9
OG_3406,10
OG_3407,10
OG_3408,10
OG_3409,10
OG_3410,10
OG_3411,10
OG_3412,10
OG_3413,10
OG_3414,10
OG_3415,10
OG_3416,10
OG_3417,10
OG_3418,10
OG_3419,10
OG_3420,10
OG_3421,10
OG_3422,10
OG_3423,10
OG_3424,10
OG_3425,10
OG_3426,10
OG_3427,9
OG_3428,8
OG_3429,10
OG_3430,10
OG_3431,10
OG_3432,10
OG_3433,10
OG_3434,10
OG_3435,10
OG_3436,10
OG_3437,10
OG_3438,10
OG_3439,10
OG_3440,10
OG_3441,10
OG_3442,10
OG_3443,10
OG_3444,7
OG_3445,8
OG_3446,8
OG_3447,8
OG_3448,9
OG_3449,10
OG_3450,10
OG_3451,10
OG_3452,10
OG_3453,10
OG_3454,10
OG_3455,10
OG_3456,10
OG_3457,10
OG_3458,10
OG_3459,10
OG_3460,10
OG_3461,10
OG_3462,10
OG_3463,10
OG_3464,10
OG_3465,9
OG_3466,10
OG_3467,10
OG_3468,10
OG_3469,10
OG_3470,9
OG_3471,10
OG_3472,10
OG_3473,10
OG_3474,10
OG_3475,10
OG_3476,10
OG_3477,10
OG_3478,10
OG_3479,10
OG_3480,10
OG_3481,10
OG_3482,10
OG_3483,9
OG_3484,10
OG_3485,10
OG_3486,10
OG_3487,10
OG_3488,10
OG_3489,10
OG_3490,10
OG_3491,10
OG_3492,10
OG_3493,10
OG_3494,10
OG_3495,9
OG_3496,9
OG_3497,10
OG_3498,10
OG_3499,10
OG_3500,10
OG_3501,10
OG_3502,10
OG_3503,10
OG_3504,10
OG_3505,10
OG_3506,10
OG_3507,10
OG_3508,10
OG_3509,10
OG_3510,10
OG_3511,9
OG_3512,10
OG_3513,10
OG_3514,8
OG_3515,8
OG_3516,8
OG_3517,7
OG_3518,7
OG_3519,7
OG_3520,7
OG_3521,10
OG_3522,10
OG_3523,10
OG_3524,10
OG_3525,10
OG_3526,10
OG_3527,10
OG_3528,10
OG_3529,10
OG_3530,10
OG_3531,10
OG_3532,10
OG_3533,10
OG_3534,6
OG_3535,7
OG_3536,10
OG_3537,10
OG_3538,10
OG_3539,10
OG_3540,10
OG_3541,10
OG_3542,9
OG_3543,8
OG_3544,9
OG_3545,10
OG_3546,9
OG_3547,9
OG_3548,8
OG_3549,9
OG_3550,10
OG_3551,6
OG_3552,7
OG_3553,10
OG_3554,10
OG_3555,10
OG_3556,9
OG_3557,9
OG_3558,10
OG_3559,10
OG_3560,10
OG_3561,10
OG_3562,9
OG_3563,10
OG_3564,10
OG_3565,10
OG_3566,10
OG_3567,10
OG_3568,10
OG_3569,10
OG_3570,10
OG_3571,10
OG_3572,10
OG_3573,9
OG_3574,8
OG_3575,10
OG_3576,9
OG_3577,10
OG_3578,10
OG_3579,10
OG_3580,10
OG_3581,10
OG_3582,10
OG_3583,10
OG_3584,10
OG_3585,10
OG_3586,10
OG_3587,10
OG_3588,10
OG_3589,10
OG_3590,10
OG_3591,10
OG_3592,10
OG_3593,10
OG_3594,10
OG_3595,10
OG_3596,9
OG_3597,10
OG_3598,10
OG_3599,10
OG_3600,10
OG_3601,10
OG_3602,10
OG_3603,10
OG_3604,10
OG_3605,10
OG_3606,10
OG_3607,10
OG_3608,10
OG_3609,10
OG_3610,10
OG_3611,10
OG_3612,10
OG_3613,9
OG_3614,9
OG_3615,9
OG_3616,8
OG_3617,7
OG_3618,6
OG_3619,6
OG_3620,6
OG_3621,6
OG_3622,6
OG_3623,5
OG_3624,5
OG_3625,4
OG_3626,4
OG_3627,3
OG_3628,3
OG_3629,4
OG_3630,4
OG_3631,4
OG_3632,4
OG_3633,4
OG_3634,4
OG_3635,4
OG_3636,4
OG_3637,5
OG_3638,9
OG_3639,9
OG_3640,9
OG_3641,9
OG_3642,8
OG_3643,8
OG_3644,8
OG_3645,8
OG_3646,8
OG_3647,8
OG_3648,8
OG_3649,8
OG_3650,8
OG_3651,8
OG_3652,8
OG_3653,8
OG_3654,8
OG_3655,8
OG_3656,8
OG_3657,8
OG_3658,8
OG_3659,9
OG_3660,9
OG_3661,10
OG_3662,10
OG_3663,10
OG_3664,10
OG_3665,10
OG_3666,10
OG_3667,10
OG_3668,10
OG_3669,10
OG_3670,10
OG_3671,9
OG_3672,9
OG_3673,7
OG_3674,10
OG_3675,10
OG_3676,10
OG_3677,10
OG_3678,10
OG_3679,10
OG_3680,10
OG_3681,10
OG_3682,10
OG_3683,10
OG_3684,10
OG_3685,10
OG_3686,8
OG_3687,9
OG_3688,8
OG_3689,7
OG_3690,7
OG_3691,10
OG_3692,10
OG_3693,10
OG_3694,10
OG_3695,10
OG_3696,10
OG_3697,10
OG_3698,10
OG_3699,8
OG_3700,10
OG_3701,9
OG_3702,9
OG_3703,10
OG_3704,10
OG_3705,10
OG_3706,10
OG_3707,10
OG_3708,10
OG_3709,10
OG_3710,10
OG_3711,9
OG_3712,10
OG_3713,10
OG_3714,10
OG_3715,10
OG_3716,10
OG_3717,10
OG_3718,10
OG_3719,10
OG_3720,10
OG_3721,10
OG_3722,10
OG_3723,10
OG_3724,10
OG_3725,10
OG_3726,10
OG_3727,10
OG_3728,10
OG_3729,10
OG_3730,9
OG_3731,10
OG_3732,9
OG_3733,8
OG_3734,8
OG_3735,7
OG_3736,7
OG_3737,7
OG_3738,7
OG_3739,7
OG_3740,7
OG_3741,7
OG_3742,7
OG_3743,8
OG_3744,7
OG_3745,7
OG_3746,7
OG_3747,8
OG_3748,8
OG_3749,8
OG_3750,8
OG_3751,8
OG_3752,7
OG_3753,8
OG_3754,8
OG_3755,7
OG_3756,7
OG_3757,6
OG_3758,6
OG_3759,6
OG_3760,6
OG_3761,6
OG_3762,6
OG_3763,7
OG_3764,7
OG_3765,7
OG_3766,7
OG_3767,10
OG_3768,10
OG_3769,10
OG_3770,10
OG_3771,10
OG_3772,10
OG_3773,10
OG_3774,10
OG_3775,10
OG_3776,10
OG_3777,10
OG_3778,8
OG_3779,10
OG_3780,10
OG_3781,10
OG_3782,10
OG_3783,10
OG_3784,10
OG_3785,10
OG_3786,10
OG_3787,10
OG_3788,10
OG_3789,9
OG_3790,10
OG_3791,8
OG_3792,10
OG_3793,10
OG_3794,10
OG_3795,10
OG_3796,10
OG_3797,10
OG_3798,10
OG_3799,10
OG_3800,10
OG_3801,10
OG_3802,10
OG_3803,10
OG_3804,10
OG_3805,10
OG_3806,10
OG_3807,10
OG_3808,10
OG_3809,9
OG_3810,10
OG_3811,9
OG_3812,10
OG_3813,9
OG_3814,5
OG_3815,5
OG_3816,5
OG_3817,9
OG_3818,8
OG_3819,9
OG_3820,10
OG_3821,10
OG_3822,10
OG_3823,10
OG_3824,10
OG_3825,9
OG_3826,10
OG_3827,10
OG_3828,9
OG_3829,9
OG_3830,10
OG_3831,10
OG_3832,10
OG_3833,10
OG_3834,10
OG_3835,10
OG_3836,10
OG_3837,9
OG_3838,10
OG_3839,9
OG_3840,9
OG_3841,9
OG_3842,10
OG_3843,9
OG_3844,8
OG_3845,9
OG_3846,8
OG_3847,9
OG_3848,10
OG_3849,9
OG_3850,10
OG_3851,9
OG_3852,10
OG_3853,10
OG_3854,10
OG_3855,10
OG_3856,10
OG_3857,10
OG_3858,10
OG_3859,10
OG_3860,10
OG_3861,10
OG_3862,10
OG_3863,9
OG_3864,10
OG_3865,10
OG_3866,10
OG_3867,9
OG_3868,10
OG_3869,10
OG_3870,6
OG_3871,10
OG_3872,10
OG_3873,10
OG_3874,10
OG_3875,10
OG_3876,10
OG_3877,9
OG_3878,10
OG_3879,10
OG_3880,10
OG_3881,10
OG_3882,10
OG_3883,8
OG_3884,10
OG_3885,10
OG_3886,10
OG_3887,9
OG_3888,8
OG_3889,7
OG_3890,6
OG_3891,8
OG_3892,8
OG_3893,8
OG_3894,7
OG_3895,7
OG_3896,7
OG_3897,7
OG_3898,8
OG_3899,8
OG_3900,8
OG_3901,8
OG_3902,8
OG_3903,8
OG_3904,7
OG_3905,8
OG_3906,7
OG_3907,8
OG_3908,10
OG_3909,10
OG_3910,10
OG_3911,10
OG_3912,10
OG_3913,9
OG_3914,10
OG_3915,10
OG_3916,10
OG_3917,10
OG_3918,10
OG_3919,10
OG_3920,10
OG_3921,10
OG_3922,10
OG_3923,10
OG_3924,10
OG_3925,10
OG_3926,10
OG_3927,10
OG_3928,10
OG_3929,10
OG_3930,10
OG_3931,10
OG_3932,10
OG_3933,10
OG_3934,10
OG_3935,10
OG_3936,10
OG_3937,10
OG_3938,10
OG_3939,10
OG_3940,10
OG_3941,10
OG_3942,10
OG_3943,10
OG_3944,10
OG_3945,10
OG_3946,10
OG_3947,10
OG_3948,10
OG_3949,10
OG_3950,10
OG_3951,10
OG_3952,10
OG_3953,10
OG_3954,10
OG_3955,10
OG_3956,10
OG_3957,10
OG_3958,10
OG_3959,10
OG_3960,10
OG_3961,10
OG_3962,10
OG_3963,10
OG_3964,10
OG_3965,10
OG_3966,10
OG_3967,9
OG_3968,10
OG_3969,10
OG_3970,10
OG_3971,10
OG_3972,10
OG_3973,10
OG_3974,10
OG_3975,10
OG_3976,10
OG_3977,10
OG_3978,10
OG_3979,8
OG_3980,10
OG_3981,10
OG_3982,10
OG_3983,10
OG_3984,10
OG_3985,10
OG_3986,10
OG_3987,10
OG_3988,10
OG_3989,10
OG_3990,10
OG_3991,10
OG_3992,10
OG_3993,10
OG_3994,10
OG_3995,10
OG_3996,10
OG_3997,10
OG_3998,10
OG_3999,10
OG_4000,10
OG_4001,10
OG_4002,10
OG_4003,10
OG_4004,10
OG_4005,10
OG_4006,10
OG_4007,10
OG_4008,10
OG_4009,10
OG_4010,10
OG_4011,10
OG_4012,9
OG_4013,9
OG_4014,8
OG_4015,9
OG_4016,8
OG_4017,7
OG_4018,8
OG_4019,10
OG_4020,8
OG_4021,10
OG_4022,10
OG_4023,10
OG_4024,10
OG_4025,10
OG_4026,10
OG_4027,10
OG_4028,10
OG_4029,10
OG_4030,10
OG_4031,10
OG_4032,10
OG_4033,9
OG_4034,8
OG_4035,9
OG_4036,9
OG_4037,10
OG_4038,10
OG_4039,10
OG_4040,10
OG_4041,10
OG_4042,10
OG_4043,10
OG_4044,10
OG_4045,10
OG_4046,10
OG_4047,10
OG_4048,10
OG_4049,10
OG_4050,10
OG_4051,10
OG_4052,10
OG_4053,10
OG_4054,10
OG_4055,10
OG_4056,10
OG_4057,10
OG_4058,10
OG_4059,10
OG_4060,10
OG_4061,10
OG_4062,10
OG_4063,10
OG_4064,10
OG_4065,9
OG_4066,10
OG_4067,10
OG_4068,10
OG_4069,10
OG_4070,10
OG_4071,10
OG_4072,10
OG_4073,10
OG_4074,10
OG_4075,10
OG_4076,10
OG_4077,10
OG_4078,10
OG_4079,10
OG_4080,9
OG_4081,10
OG_4082,10
OG_4083,10
OG_4084,10
OG_4085,10
OG_4086,10
OG_4087,10
OG_4088,10
OG_4089,10
OG_4090,10
OG_4091,10
OG_4092,10
OG_4093,10
OG_4094,9
OG_4095,7
OG_4096,8
OG_4097,8
OG_4098,7
OG_4099,8
OG_4100,7
OG_4101,8
OG_4102,8
OG_4103,9
OG_4104,9
OG_4105,8
OG_4106,9
OG_4107,9
OG_4108,10
OG_4109,10
OG_4110,10
OG_4111,10
OG_4112,10
OG_4113,10
OG_4114,10
OG_4115,9
OG_4116,10
OG_4117,10
OG_4118,10
OG_4119,9
OG_4120,10
OG_4121,10
OG_4122,10
OG_4123,10
OG_4124,10
OG_4125,10
OG_4126,10
OG_4127,10
OG_4128,10
OG_4129,10
OG_4130,10
OG_4131,10
OG_4132,10
OG_4133,10
OG_4134,10
OG_4135,9
OG_4136,10
OG_4137,9
OG_4138,10
OG_4139,10
OG_4140,10
OG_4141,10
OG_4142,9
OG_4143,10
OG_4144,9
OG_4145,9
OG_4146,9
OG_4147,10
OG_4148,10
OG_4149,10
OG_4150,5
OG_4151,5
OG_4152,6
OG_4153,5
OG_4154,10
OG_4155,10
OG_4156,10
OG_4157,10
OG_4158,10
OG_4159,10
OG_4160,10
OG_4161,9
OG_4162,10
OG_4163,10
OG_4164,10
OG_4165,10
OG_4166,9
OG_4167,5
OG_4168,6
OG_4169,6
OG_4170,10
OG_4171,10
OG_4172,10
OG_4173,10
OG_4174,10
OG_4175,10
OG_4176,10
OG_4177,10
OG_4178,10
OG_4179,10
OG_4180,10
OG_4181,10
OG_4182,10
OG_4183,10
OG_4184,10
OG_4185,10
OG_4186,10
OG_4187,9
OG_4188,10
OG_4189,10
OG_4190,10
OG_4191,10
OG_4192,10
OG_4193,10
OG_4194,10
OG_4195,10
OG_4196,10
OG_4197,9
OG_4198,10
OG_4199,10
OG_4200,10
OG_4201,10
OG_4202,10
OG_4203,10
OG_4204,10
OG_4205,5
OG_4206,3
OG_4207,9
OG_4208,9
OG_4209,8
OG_4210,8
OG_4211,8
OG_4212,8
OG_4213,10
OG_4214,10
OG_4215,10
OG_4216,10
OG_4217,10
OG_4218,10
OG_4219,10
OG_4220,10
OG_4221,10
OG_4222,9
OG_4223,9
OG_4224,10
OG_4225,5
OG_4226,5
OG_4227,10
OG_4228,10
OG_4229,8
OG_4230,10
OG_4231,10
OG_4232,10
OG_4233,10
OG_4234,10
OG_4235,10
OG_4236,10
OG_4237,8
OG_4238,9
OG_4239,10
OG_4240,8
OG_4241,9
OG_4242,9
OG_4243,10
OG_4244,10
OG_4245,10
OG_4246,10
OG_4247,10
OG_4248,10
OG_4249,10
OG_4250,10
OG_4251,10
OG_4252,8
OG_4253,9
OG_4254,10
OG_4255,10
OG_4256,10
OG_4257,10
OG_4258,8
OG_4259,10
OG_4260,10
OG_4261,10
OG_4262,10
OG_4263,10
OG_4264,9
OG_4265,10
OG_4266,10
OG_4267,9
OG_4268,10
OG_4269,9
OG_4270,10
OG_4271,9
OG_4272,10
OG_4273,9
OG_4274,10
OG_4275,10
OG_4276,10
OG_4277,9
OG_4278,10
OG_4279,10
OG_4280,10
OG_4281,10
OG_4282,9
OG_4283,9
OG_4284,9
OG_4285,8
OG_4286,9
OG_4287,9
OG_4288,9
OG_4289,9
OG_4290,10
OG_4291,9
OG_4292,10
OG_4293,10
OG_4294,8
OG_4295,8
OG_4296,7
OG_4297,6
OG_4298,8
OG_4299,8
OG_4300,8
OG_4301,8
OG_4302,8
OG_4303,8
OG_4304,8
OG_4305,7
OG_4306,8
OG_4307,8
OG_4308,9
OG_4309,9
OG_4310,10
OG_4311,10
OG_4312,10
OG_4313,5
OG_4314,5
OG_4315,6
OG_4316,9
OG_4317,9
OG_4318,9
OG_4319,9
OG_4320,9
OG_4321,9
OG_4322,9
OG_4323,10
OG_4324,10
OG_4325,10
OG_4326,10
OG_4327,10
OG_4328,10
OG_4329,10
OG_4330,10
OG_4331,10
OG_4332,10
OG_4333,10
OG_4334,10
OG_4335,10
OG_4336,10
OG_4337,10
OG_4338,10
OG_4339,10
OG_4340,10
OG_4341,10
OG_4342,10
OG_4343,9
OG_4344,10
OG_4345,10
OG_4346,6
OG_4347,9
OG_4348,8
OG_4349,9
OG_4350,9
OG_4351,10
OG_4352,8
OG_4353,4
OG_4354,5
OG_4355,7
OG_4356,8
OG_4357,9
OG_4358,9
OG_4359,6
OG_4360,2
OG_4361,2
OG_4362,8
OG_4363,7
OG_4364,5
OG_4365,8
OG_4366,9
OG_4367,8
OG_4368,8
OG_4369,8
OG_4370,8
OG_4371,7
OG_4372,8
OG_4373,8
OG_4374,8
OG_4375,8
OG_4376,7
OG_4377,8
OG_4378,8
OG_4379,8
OG_4380,8
OG_4381,8
OG_4382,8
OG_4383,7
OG_4384,7
OG_4385,8
OG_4386,8
OG_4387,8
OG_4388,9
OG_4389,7
OG_4390,9
OG_4391,9
OG_4392,9
OG_4393,9
OG_4394,8
OG_4395,5
OG_4396,9
OG_4397,9
OG_4398,7
OG_4399,5
OG_4400,6
OG_4401,6
OG_4402,7
OG_4403,8
OG_4404,3
OG_4405,3
OG_4406,3
OG_4407,5
OG_4408,6
OG_4409,8
OG_4410,8
OG_4411,8
OG_4412,9
OG_4413,9
OG_4414,9
OG_4415,9
OG_4416,9
OG_4417,9
OG_4418,9
OG_4419,8
OG_4420,9
OG_4421,7
OG_4422,8
OG_4423,9
OG_4424,9
OG_4425,8
OG_4426,8
OG_4427,4
OG_4428,8
OG_4429,8
OG_4430,9
OG_4431,6
OG_4432,8
OG_4433,7
OG_4434,7
OG_4435,8
OG_4436,8
OG_4437,7
OG_4438,7
OG_4439,8
OG_4440,8
OG_4441,9
OG_4442,10
OG_4443,3
OG_4444,3
OG_4445,3
OG_4446,3
OG_4447,2
OG_4448,2
OG_4449,5
OG_4450,7
OG_4451,4
OG_4452,5
OG_4453,3
OG_4454,7
OG_4455,7
OG_4456,4
OG_4457,4
OG_4458,4
OG_4459,4
OG_4460,4
OG_4461,4
OG_4462,3
OG_4463,5
OG_4464,3
OG_4465,3
OG_4466,3
OG_4467,4
OG_4468,4
OG_4469,7
OG_4470,4
OG_4471,5
OG_4472,5
OG_4473,5
OG_4474,5
OG_4475,5
OG_4476,5
OG_4477,5
OG_4478,7
OG_4479,7
OG_4480,4
OG_4481,4
OG_4482,7
OG_4483,7
OG_4484,2
OG_4485,3
OG_4486,4
OG_4487,4
OG_4488,4
OG_4489,3
OG_4490,3
OG_4491,2
OG_4492,3
OG_4493,3
OG_4494,4
OG_4495,2
OG_4496,3
OG_4497,3
OG_4498,5
OG_4499,3
OG_4500,2
OG_4501,3
OG_4502,3
OG_4503,2
OG_4504,2
OG_4505,2
OG_4506,2
OG_4507,2
OG_4508,3
OG_4509,3
OG_4510,2
OG_4511,4
OG_4512,3
OG_4513,3
OG_4514,2
OG_4515,3
OG_4516,3
OG_4517,5
OG_4518,5
OG_4519,5
OG_4520,4
OG_4521,6
OG_4522,2
OG_4523,2
OG_4524,5
OG_4525,3
OG_4526,2
OG_4527,2
OG_4528,4
OG_4529,4
OG_4530,3
OG_4531,3
OG_4532,3
OG_4533,3
OG_4534,4
OG_4535,4
OG_4536,4
OG_4537,4
OG_4538,4
OG_4539,4
OG_4540,3
OG_4541,3
OG_4542,2
OG_4543,4
OG_4544,2
OG_4545,2
OG_4546,2
OG_4547,2
OG_4548,2
OG_4549,3
OG_4550,3
OG_4551,3
OG_4552,3
OG_4553,3
OG_4554,3
OG_4555,3
OG_4556,3
OG_4557,3
OG_4558,3
OG_4559,3
OG_4560,3
OG_4561,3
OG_4562,2
OG_4563,3
OG_4564,3
OG_4565,3
OG_4566,3
OG_4567,3
OG_4568,3
OG_4569,3
OG_4570,3
OG_4571,3
OG_4572,3
OG_4573,3
OG_4574,4
OG_4575,4
OG_4576,6
OG_4577,6
OG_4578,6
OG_4579,3
OG_4580,3
OG_4581,3
OG_4582,3
OG_4583,3
OG_4584,3
OG_4585,3
OG_4586,3
OG_4587,3
OG_4588,3
OG_4589,3
OG_4590,3
OG_4591,3
OG_4592,3
OG_4593,3
OG_4594,2
OG_4595,3
OG_4596,3
OG_4597,4
OG_4598,4
OG_4599,5
OG_4600,5
OG_4601,5
OG_4602,4
OG_4603,5
OG_4604,4
OG_4605,5
OG_4606,5
OG_4607,2
OG_4608,2
OG_4609,2
OG_4610,2
OG_4611,2
OG_4612,2
OG_4613,2
OG_4614,2
OG_4615,2
OG_4616,2
OG_4617,2
OG_4618,2
OG_4619,2
OG_4620,5
OG_4621,4
OG_4622,2
OG_4623,2
OG_4624,4
OG_4625,4
OG_4626,4
OG_4627,3
OG_4628,3
OG_4629,2
OG_4630,3
OG_4631,3
OG_4632,3
OG_4633,3
OG_4634,3
OG_4635,2
OG_4636,2
OG_4637,2
OG_4638,2
OG_4639,2
OG_4640,3
OG_4641,3
OG_4642,3
OG_4643,2
OG_4644,3
OG_4645,3
OG_4646,3
OG_4647,2
OG_4648,2
OG_4649,2
OG_4650,3
OG_4651,2
OG_4652,3
OG_4653,3
OG_4654,3
OG_4655,3
OG_4656,2
OG_4657,5
OG_4658,3
OG_4659,2
OG_4660,2
OG_4661,2
OG_4662,2
OG_4663,2
OG_4664,2
OG_4665,4
OG_4666,4
OG_4667,3
OG_4668,4
OG_4669,4
OG_4670,3
OG_4671,3
OG_4672,2
OG_4673,3
OG_4674,5
OG_4675,2
OG_4676,2
OG_4677,3
OG_4678,3
OG_4679,3
OG_4680,4
OG_4681,3
OG_4682,2
OG_4683,2
OG_4684,4
OG_4685,2
OG_4686,4
OG_4687,4
OG_4688,3
OG_4689,3
OG_4690,3
OG_4691,3
OG_4692,3
OG_4693,4
OG_4694,4
OG_4695,4
OG_4696,4
OG_4697,3
OG_4698,3
OG_4699,4
OG_4700,3
OG_4701,2
OG_4702,2
OG_4703,2
OG_4704,2
OG_4705,2
OG_4706,2
OG_4707,2
OG_4708,2
OG_4709,3
OG_4710,2
OG_4711,2
OG_4712,2
OG_4713,2
OG_4714,2
OG_4715,2
OG_4716,2
OG_4717,2
OG_4718,2
OG_4719,2
OG_4720,2
OG_4721,3
OG_4722,3
OG_4723,3
OG_4724,3
OG_4725,2
OG_4726,2
OG_4727,2
OG_4728,4
OG_4729,2
OG_4730,2
OG_4731,2
OG_4732,2
OG_4733,2
OG_4734,3
OG_4735,3
OG_4736,2
OG_4737,2
OG_4738,2
OG_4739,2
OG_4740,2
OG_4741,2
OG_4742,2
OG_4743,2
OG_4744,3
OG_4745,3
OG_4746,3
OG_4747,3
OG_4748,3
OG_4749,3
OG_4750,3
OG_4751,3
OG_4752,3
OG_4753,2
OG_4754,2
OG_4755,2
OG_4756,2
OG_4757,3
OG_4758,2
OG_4759,2
OG_4760,2
OG_4761,2
OG_4762,2
OG_4763,2
OG_4764,2
OG_4765,2
OG_4766,5
OG_4767,5
OG_4768,5
OG_4769,4
OG_4770,5
OG_4771,5
OG_4772,3
OG_4773,2
OG_4774,2
OG_4775,2
OG_4776,4
OG_4777,2
OG_4778,4
OG_4779,2
OG_4780,3
OG_4781,2
OG_4782,2
OG_4783,2
OG_4784,3
OG_4785,2
OG_4786,2
OG_4787,2
OG_4788,2
OG_4789,2
OG_4790,2
OG_4791,2
OG_4792,6
OG_4793,4
OG_4794,2
OG_4795,2
OG_4796,2
OG_4797,2
OG_4798,2
OG_4799,2
OG_4800,2
OG_4801,4
OG_4802,4
OG_4803,4
OG_4804,5
OG_4805,5
OG_4806,3
OG_4807,2
OG_4808,2
OG_4809,2
OG_4810,2
OG_4811,2
OG_4812,2
OG_4813,2
OG_4814,2
OG_4815,2
OG_4816,3
OG_4817,2
OG_4818,3
OG_4819,3
OG_4820,2
OG_4821,3
OG_4822,3
OG_4823,3
OG_4824,3
OG_4825,3
OG_4826,3
OG_4827,3
OG_4828,2
OG_4829,2
OG_4830,2
OG_4831,2
OG_4832,3
OG_4833,3
OG_4834,3
OG_4835,3
OG_4836,2
OG_4837,2
OG_4838,2
OG_4839,2
OG_4840,2
OG_4841,2
OG_4842,2
OG_4843,2
OG_4844,2
OG_4845,2
OG_4846,2
OG_4847,2
OG_4848,2
OG_4849,2
OG_4850,2
OG_4851,2
OG_4852,2
OG_4853,2
OG_4854,2
OG_4855,2
OG_4856,2
OG_4857,2
OG_4858,2
OG_4859,2
OG_4860,2
OG_4861,2
OG_4862,2
OG_4863,2
OG_4864,2
OG_4865,2
OG_4866,2
OG_4867,2
OG_4868,2
OG_4869,2
OG_4870,2
OG_4871,2
OG_4872,2
OG_4873,2
OG_4874,3
OG_4875,3
OG_4876,3
OG_4877,2
OG_4878,2
OG_4879,2
OG_4880,3
OG_4881,2
OG_4882,3
OG_4883,3
OG_4884,3
OG_4885,3
OG_4886,2
OG_4887,2
OG_4888,2
OG_4889,2
OG_4890,2
OG_4891,3
OG_4892,3
OG_4893,2
OG_4894,3
OG_4895,3
OG_4896,3
OG_4897,3
OG_4898,3
OG_4899,2
OG_4900,2
OG_4901,3
OG_4902,2
OG_4903,2
OG_4904,2
OG_4905,2
OG_4906,3
OG_4907,3
OG_4908,3
OG_4909,2
OG_4910,2
OG_4911,2
OG_4912,2
OG_4913,2
OG_4914,2
OG_4915,2
OG_4916,2
OG_4917,2
OG_4918,2
OG_4919,2
OG_4920,2
OG_4921,2
OG_4922,2
OG_4923,2
OG_4924,2
OG_4925,2
OG_4926,2
OG_4927,2
OG_4928,2
OG_4929,2
OG_4930,2
OG_4931,2
OG_4932,2
OG_4933,2
OG_4934,2
OG_4935,2
OG_4936,2
OG_4937,2
OG_4938,2
OG_4939,2
OG_4940,2
OG_4941,2
OG_4942,2
OG_4943,2
OG_4944,2
OG_4945,2
OG_4946,2
OG_4947,2
OG_4948,2
OG_4949,2
OG_4950,2
OG_4951,2
OG_4952,3
OG_4953,3
OG_4954,3
OG_4955,3
OG_4956,2
OG_4957,3
OG_4958,2
OG_4959,2
OG_4960,2
OG_4961,2
OG_4962,2
OG_4963,2
OG_4964,2
OG_4965,2
OG_4966,2
OG_4967,2
OG_4968,2
OG_4969,2
OG_4970,2
OG_4971,2
OG_4972,2
OG_4973,2
OG_4974,2
OG_4975,2
OG_4976,2
OG_4977,2
OG_4978,2
OG_4979,2
OG_4980,2
OG_4981,3
OG_4982,2
OG_4983,2
OG_4984,3
OG_4985,2
OG_4986,3
OG_4987,3
OG_4988,2
OG_4989,2
OG_4990,2
OG_4991,2
OG_4992,2
OG_4993,3
OG_4994,3
OG_4995,2
OG_4996,3
OG_4997,3
OG_4998,2
OG_4999,2
OG_5000,2
OG_5001,2
OG_5002,2
OG_5003,2
OG_5004,2
OG_5005,2
OG_5006,2
OG_5007,2
OG_5008,3
OG_5009,2
OG_5010,2
OG_5011,2
OG_5012,2
OG_5013,2
OG_5014,2
OG_5015,2
OG_5016,2
OG_5017,2
OG_5018,2
OG_5019,2
OG_5020,2
OG_5021,2
OG_5022,3
OG_5023,2
OG_5024,2
OG_5025,2
OG_5026,2
OG_5027,2
OG_5028,2
OG_5029,2
OG_5030,2
OG_5031,2
OG_5032,2
OG_5033,2
OG_5034,2
OG_5035,3
OG_5036,2
OG_5037,3
OG_5038,2
OG_5039,3
OG_5040,2
OG_5041,2
OG_5042,2
OG_5043,2
OG_5044,2
OG_5045,2
OG_5046,2
OG_5047,2
OG_5048,2
OG_5049,2
OG_5050,2
OG_5051,2
OG_5052,2
OG_5053,3
OG_5054,2
OG_5055,2
OG_5056,2
OG_5057,2
OG_5058,2
OG_5059,2
OG_5060,2
OG_5061,2
OG_5062,2
OG_5063,2
OG_5064,2
OG_5065,2
OG_5066,2
OG_5067,2
OG_5068,2
OG_5069,2
OG_5070,2
OG_5071,2
OG_5072,2
OG_5073,2
OG_5074,2
OG_5075,2
OG_5076,2
OG_5077,2
OG_5078,2
OG_5079,3
OG_5080,2
OG_5081,2
OG_5082,2
OG_5083,2
OG_5084,2
OG_5085,2
OG_5086,2
OG_5087,2
OG_5088,2
OG_5089,2
OG_5090,2
OG_5091,2
OG_5092,2
OG_5093,2
OG_5094,2
OG_5095,2
OG_5096,2
OG_5097,2
OG_5098,2
OG_5099,2
OG_5100,2
OG_5101,2
OG_5102,2
OG_5103,2
OG_5104,2
OG_5105,2
OG_5106,2
OG_5107,2
OG_5108,2
OG_5109,2
OG_5110,2
OG_5111,2
OG_5112,2
OG_5113,2
OG_5114,2
OG_5115,2
OG_5116,2
OG_5117,2
OG_5118,2
OG_5119,2
OG_5120,2
OG_5121,2
OG_5122,2
OG_5123,2
OG_5124,2
OG_5125,2
OG_5126,2
OG_5127,2
OG_5128,2
OG_5129,2
OG_5130,2
OG_5131,2
OG_5132,2
OG_5133,2
OG_5134,2
OG_5135,2
OG_5136,2
OG_5137,2
OG_5138,2
OG_5139,2
OG_5140,2
OG_5141,2
OG_5142,2
OG_5143,2
OG_5144,2
OG_5145,2
OG_5146,2
OG_5147,2
OG_5148,2
OG_5149,2
OG_5150,2
OG_5151,2
OG_5152,2
OG_5153,2
OG_5154,2
OG_5155,2
OG_5156,2
OG_5157,2
OG_5158,2
OG_5159,2
OG_5160,2
OG_5161,2
OG_5162,2
OG_5163,2
OG_5164,2
OG_5165,2
OG_5166,2
OG_5167,2
OG_5168,2
OG_5169,2
OG_5170,2
OG_5171,2
OG_5172,2
OG_5173,2
OG_5174,2
OG_5175,2
OG_5176,2
OG_5177,2
OG_5178,2
OG_5179,2
OG_5180,2
OG_5181,2
OG_5182,2
OG_5183,2
OG_5184,2
OG_5185,2
OG_5186,2
OG_5187,2
OG_5188,2
OG_5189,2
OG_5190,2
OG_5191,2
OG_5192,2
OG_5193,2
OG_5194,2
OG_5195,2
OG_5196,2
OG_5197,2
OG_5198,2
OG_5199,2
OG_5200,2
OG_5201,2
OG_5202,2
OG_5203,2
OG_5204,2
OG_5205,2
OG_5206,2
OG_5207,2
OG_5208,2
OG_5209,2
OG_5210,2
OG_5211,2
OG_5212,2
OG_5213,2
OG_5214,2
OG_5215,2
OG_5216,2
OG_5217,2
OG_5218,2
OG_5219,2
OG_5220,2
OG_5221,2
OG_5222,2
OG_5223,2
OG_5224,2
OG_5225,2
OG_5226,2
OG_5227,2
OG_5228,2
OG_5229,2
OG_5230,2
OG_5231,2
OG_5232,2
OG_5233,2
OG_5234,2
OG_5235,2
OG_5236,2
OG_5237,2
OG_5238,2
OG_5239,2
OG_5240,2
OG_5241,2
OG_5242,2
OG_5243,2
OG_5244,2
OG_5245,2
OG_5246,2
OG_5247,2
OG_5248,2
OG_5249,2
OG_5250,2
OG_5251,2
OG_5252,2
OG_5253,2
OG_5254,2
OG_5255,2
OG_5256,2
OG_5257,5
OG_5258,3
OG_5259,7
OG_5260,8
OG_5261,4
OG_5262,3
OG_5263,4
OG_5264,3
OG_5265,5
OG_5266,3
OG_5267,3
OG_5268,9
OG_5269,4
OG_5270,8
OG_5271,2
OG_5272,9
OG_5273,9
OG_5274,5
OG_5275,3
OG_5276,2
OG_5277,2
OG_5278,2
OG_5279,4
OG_5280,3
OG_5281,4
OG_5282,9
OG_5283,9
OG_5284,4
OG_5285,6
OG_5286,2
OG_5287,5
OG_5288,7
OG_5289,2
OG_5290,10
OG_5291,10
OG_5292,10
OG_5293,9
OG_5294,5
OG_5295,3
OG_5296,4
OG_5297,2
OG_5298,4
OG_5299,2
OG_5300,2
OG_5301,6
OG_5302,4
OG_5303,8
OG_5304,7
OG_5305,3
OG_5306,2
OG_5307,3
OG_5308,4
OG_5309,2
OG_5310,2
OG_5311,3
OG_5312,2
OG_5313,5
OG_5314,3
OG_5315,5
OG_5316,10
OG_5317,8
OG_5318,6
OG_5319,3
OG_5320,10
OG_5321,10
OG_5322,5
OG_5323,4
OG_5324,3
OG_5325,6
OG_5326,5
OG_5327,6
OG_5328,3
OG_5329,3
OG_5330,2
OG_5331,2
OG_5332,4
OG_5333,8
OG_5334,4
OG_5335,3
OG_5336,2
OG_5337,10
OG_5338,3
OG_5339,6
OG_5340,10
OG_5341,4
OG_5342,10
OG_5343,7
OG_5344,3
OG_5345,3
OG_5346,10
OG_5347,9
OG_5348,6
OG_5349,3
OG_5350,10
OG_5351,8
OG_5352,5
OG_5353,2
OG_5354,3
OG_5355,3
OG_5356,7
OG_5357,2
OG_5358,2
OG_5359,2
OG_5360,10
OG_5361,10
OG_5362,4
OG_5363,4
OG_5364,4
OG_5365,3
OG_5366,5
OG_5367,2
OG_5368,3
OG_5369,5
OG_5370,5
OG_5371,4
OG_5372,2
